raceId,driverId,constructorId,grid,position,laps,seconds,fastestLapSpeed,date,circuitId,Length,Turns,Constructor Experience,Driver Experience,Driver Age,Driver Wins,Constructor Wins,Driver Constructor Experience,DNF Score,prev_position,podium
1074,1,131,5,3,57,5863.259,202.469,2022-03-20,3,5.412,15,518,289,37,103,145.0,179,0.82,3.0,3
1075,1,131,15,10,50,5133.241,239.001,2022-03-27,77,6.174,27,520,290,37,103,145.0,180,0.82,10.0,0
1076,1,131,5,4,58,5295.091,232.039,2022-04-10,1,5.278,14,522,291,37,103,145.0,181,0.83,4.0,0
1077,1,131,14,13,62,0.0,217.054,2022-04-24,21,4.909,19,524,292,37,103,145.0,182,0.82,13.0,0
1078,1,131,6,6,57,5685.626,209.629,2022-05-08,79,3.363,19,526,293,37,103,145.0,183,0.83,6.0,0
1079,1,131,6,5,66,5895.009,199.755,2022-05-22,4,4.657,14,528,294,37,103,145.0,184,0.83,5.0,0
1080,1,131,8,8,64,7040.653,155.605,2022-05-29,6,3.337,19,530,295,37,103,145.0,185,0.83,8.0,0
1081,1,131,7,4,51,5717.62,201.887,2022-06-12,73,6.003,20,532,296,37,103,145.0,186,0.83,4.0,0
1082,1,131,4,3,70,5788.763,206.12,2022-06-19,7,4.361,14,534,297,37,103,145.0,187,0.83,3.0,3
1083,1,131,5,3,52,8276.536,234.312,2022-07-03,9,5.891,18,536,298,37,103,145.0,188,0.83,3.0,3
1084,1,131,8,3,71,5105.529,225.286,2022-07-10,70,4.318,10,538,299,37,103,145.0,189,0.83,3.0,3
1085,1,131,4,2,53,5412.699,215.333,2022-07-24,34,5.842,15,540,300,37,103,145.0,190,0.83,2.0,2
1086,1,131,7,2,70,5983.746,193.787,2022-07-31,11,4.381,14,542,301,37,103,145.0,191,0.83,2.0,2
1088,1,131,4,4,72,5815.789,207.604,2022-09-04,39,4.259,14,546,303,37,103,145.0,193,0.83,4.0,0
1089,1,131,19,5,53,4832.891,246.995,2022-09-11,14,5.793,11,548,304,37,103,145.0,194,0.83,5.0,0
1091,1,131,3,9,59,7401.753,164.766,2022-10-02,15,4.94,19,550,305,37,103,145.0,195,0.83,9.0,0
1092,1,131,6,5,28,10944.33,198.097,2022-10-09,22,5.807,18,552,306,37,103,145.0,196,0.83,5.0,0
1093,1,131,3,2,56,6136.71,198.805,2022-10-23,69,3.426,20,554,307,37,103,145.0,197,0.83,2.0,2
1094,1,131,3,2,71,5931.915,188.813,2022-10-30,32,4.304,17,556,308,37,103,145.0,198,0.83,2.0,2
1095,1,131,2,2,71,5915.573,209.791,2022-11-13,18,4.309,15,558,309,37,103,145.0,199,0.83,2.0,2
1096,1,131,5,18,55,0.0,211.738,2022-11-20,24,5.281,16,560,310,37,103,145.0,200,0.83,18.0,0
1098,1,131,7,5,57,5687.713,201.802,2023-03-05,3,5.412,15,562,311,38,103,145.0,201,0.83,5.0,0
1099,1,131,7,5,50,4905.959,239.145,2023-03-19,77,6.174,27,564,312,38,103,145.0,202,0.83,5.0,0
1100,1,131,3,2,58,9158.55,235.703,2023-04-02,1,5.278,14,566,313,38,103,145.0,203,0.83,2.0,2
1101,1,131,5,6,51,5608.581,205.141,2023-04-30,73,6.003,20,568,314,38,103,145.0,204,0.83,6.0,0
1102,1,131,13,6,57,5309.49,214.882,2023-05-07,79,3.363,19,570,315,38,103,145.0,205,0.83,6.0,0
1104,1,131,5,4,78,6571.042,158.799,2023-05-28,6,3.337,19,572,316,38,103,145.0,206,0.83,4.0,0
1105,1,131,4,2,66,5302.03,218.649,2023-06-04,4,4.657,14,574,317,38,103,145.0,207,0.83,2.0,2
1106,1,131,3,3,70,5642.946,208.228,2023-06-18,7,4.361,14,576,318,38,103,145.0,208,0.83,3.0,3
1107,1,131,5,8,71,5182.803,224.765,2023-07-02,70,4.318,10,578,319,38,103,145.0,209,0.83,8.0,0
1108,1,131,7,3,52,5123.721,234.221,2023-07-09,9,5.891,18,580,320,38,103,145.0,210,0.83,3.0,3
1109,1,131,1,4,70,5927.768,193.277,2023-07-23,11,4.381,14,582,321,38,103,145.0,211,0.83,4.0,0
1110,1,131,3,4,44,5000.121,234.978,2023-07-30,13,7.004,19,584,322,38,103,145.0,212,0.83,4.0,0
1111,1,131,13,6,72,8657.62,207.463,2023-08-27,39,4.259,14,586,323,38,103,145.0,213,0.83,6.0,0
1112,1,131,8,6,51,4463.822,243.682,2023-09-03,14,5.793,11,588,324,38,103,145.0,214,0.84,6.0,0
1113,1,131,5,3,62,6398.687,185.507,2023-09-17,15,4.94,19,590,325,38,103,145.0,215,0.83,3.0,3
1114,1,131,7,5,53,5507.797,218.648,2023-09-24,22,5.807,18,592,326,38,103,145.0,216,0.83,5.0,0
1117,1,131,6,2,71,7364.689,190.503,2023-10-29,32,4.304,17,598,329,38,103,145.0,219,0.83,2.0,2
1118,1,131,5,8,71,7071.753,207.554,2023-11-05,18,4.309,15,600,330,38,103,145.0,220,0.83,8.0,0
1119,1,131,10,7,50,5370.044,233.227,2023-11-19,80,4.6471285714285715,14,602,331,38,103,145.0,221,0.83,7.0,0
1120,1,131,11,9,58,5267.048,215.131,2023-11-26,24,5.281,16,604,332,38,103,145.0,222,0.83,9.0,0
1121,1,131,9,7,57,5555.066,205.688,2024-03-02,3,5.412,15,606,333,39,103,145.0,223,0.83,7.0,0
1122,1,131,8,9,50,4890.664,242.26,2024-03-09,77,6.174,27,608,334,39,103,145.0,224,0.83,9.0,0
1124,1,131,7,9,53,6912.192,222.509,2024-04-07,22,5.807,18,612,336,39,103,145.0,226,0.83,9.0,0
1125,1,131,18,9,56,6110.54,194.61,2024-04-21,17,5.451,16,614,337,39,103,145.0,227,0.83,9.0,0
1126,1,131,8,6,57,5466.461,213.554,2024-05-05,79,3.363,19,616,338,39,103,145.0,228,0.83,6.0,0
1127,1,131,8,6,63,5160.356,219.994,2024-05-19,21,4.909,19,618,339,39,103,145.0,229,0.83,6.0,0
1128,1,131,7,7,78,8610.462,0.0,2024-05-26,6,3.337,19,620,340,39,103,145.0,230,0.83,7.0,0
1129,1,131,7,4,70,6352.842,209.73,2024-06-09,7,4.361,14,622,341,39,103,145.0,231,0.83,4.0,0
1130,1,131,3,3,66,5318.017,215.466,2024-06-23,4,4.657,14,624,342,39,103,145.0,232,0.83,3.0,3
1131,1,131,5,4,71,5085.94,223.466,2024-06-30,70,4.318,10,626,343,39,103,145.0,233,0.84,4.0,0
1132,1,131,2,1,52,4947.059,237.12,2024-07-07,9,5.891,18,628,344,39,104,145.0,234,0.83,1.0,1
1074,4,214,8,9,57,5875.974,201.412,2022-03-20,3,5.412,15,46,337,40,32,0.0,23,0.48,9.0,0
1076,4,214,10,17,57,0.0,235.024,2022-04-10,1,5.278,14,50,339,40,32,0.0,25,0.48,17.0,0
1078,4,214,11,11,57,5701.386,208.753,2022-05-08,79,3.363,19,54,341,40,32,0.0,27,0.48,11.0,0
1079,4,214,20,9,65,0.0,194.344,2022-05-22,4,4.657,14,56,342,40,32,0.0,28,0.48,9.0,0
1080,4,214,7,7,64,7036.623,158.314,2022-05-29,6,3.337,19,58,343,40,32,0.0,29,0.5,7.0,0
1081,4,214,10,7,51,5734.537,200.12,2022-06-12,73,6.003,20,60,344,40,32,0.0,30,0.52,7.0,0
1082,4,214,2,9,70,5811.702,205.014,2022-06-19,7,4.361,14,62,345,40,32,0.0,31,0.53,9.0,0
1083,4,214,7,5,52,8279.882,231.501,2022-07-03,9,5.891,18,64,346,40,32,0.0,32,0.53,5.0,0
1084,4,214,19,10,70,0.0,226.739,2022-07-10,70,4.318,10,66,347,40,32,0.0,33,0.53,10.0,0
1085,4,214,7,6,53,5444.991,214.254,2022-07-24,34,5.842,15,68,348,41,32,0.0,34,0.54,6.0,0
1086,4,214,6,8,69,0.0,187.804,2022-07-31,11,4.381,14,70,349,41,32,0.0,35,0.53,8.0,0
1087,4,214,3,5,44,5226.15,223.397,2022-08-28,13,7.004,19,72,350,41,32,0.0,36,0.54,5.0,0
1088,4,214,13,6,72,5821.527,206.792,2022-09-04,39,4.259,14,74,351,41,32,0.0,37,0.55,6.0,0
1092,4,214,7,7,28,10950.373,200.218,2022-10-09,22,5.807,18,80,354,41,32,0.0,40,0.55,7.0,0
1093,4,214,14,7,56,6186.765,195.461,2022-10-23,69,3.426,20,82,355,41,32,0.0,41,0.56,7.0,0
1094,4,214,9,19,63,0.0,186.981,2022-10-30,32,4.304,17,84,356,41,32,0.0,42,0.55,19.0,0
1095,4,214,17,5,71,5923.605,209.163,2022-11-13,18,4.309,15,86,357,41,32,0.0,43,0.56,5.0,0
1098,4,117,5,3,57,5675.373,202.62,2023-03-05,3,5.412,15,101,359,41,32,0.0,1,0.52,3.0,3
1099,4,117,2,3,50,4895.622,240.962,2023-03-19,77,6.174,27,103,360,41,32,0.0,2,0.52,3.0,3
1100,4,117,4,3,58,9159.14,236.105,2023-04-02,1,5.278,14,105,361,41,32,0.0,3,0.53,3.0,3
1101,4,117,6,4,51,5584.46,207.315,2023-04-30,73,6.003,20,107,362,41,32,0.0,4,0.54,4.0,0
1102,4,117,2,3,57,5284.546,215.238,2023-05-07,79,3.363,19,109,363,41,32,0.0,5,0.55,3.0,3
1104,4,117,2,2,78,6559.901,156.678,2023-05-28,6,3.337,19,111,364,41,32,0.0,6,0.55,2.0,2
1105,4,117,8,7,66,5342.067,214.709,2023-06-04,4,4.657,14,113,365,41,32,0.0,7,0.56,7.0,0
1106,4,117,2,2,70,5647.918,207.176,2023-06-18,7,4.361,14,115,366,41,32,0.0,8,0.57,2.0,2
1107,4,117,7,5,71,5163.924,224.934,2023-07-02,70,4.318,10,117,367,41,32,0.0,9,0.57,5.0,0
1108,4,117,9,7,52,5134.131,232.188,2023-07-09,9,5.891,18,119,368,41,32,0.0,10,0.58,7.0,0
1109,4,117,8,9,70,5964.343,190.604,2023-07-23,11,4.381,14,121,369,42,32,0.0,11,0.58,9.0,0
1110,4,117,9,5,44,5006.634,227.283,2023-07-30,13,7.004,19,123,370,42,32,0.0,12,0.59,5.0,0
1111,4,117,5,2,72,8648.155,207.651,2023-08-27,39,4.259,14,125,371,42,32,0.0,13,0.59,2.0,2
1112,4,117,10,9,51,4467.437,242.201,2023-09-03,14,5.793,11,127,372,42,32,0.0,14,0.6,9.0,0
1113,4,117,7,15,62,6485.021,184.374,2023-09-17,15,4.94,19,129,373,42,32,0.0,15,0.6,15.0,0
1114,4,117,10,8,53,5533.146,215.067,2023-09-24,22,5.807,18,131,374,42,32,0.0,16,0.6,8.0,0
1115,4,117,4,6,57,5308.2,226.723,2023-10-08,78,5.419,16,133,375,42,32,0.0,17,0.6,6.0,0
1118,4,117,4,3,71,7043.049,208.382,2023-11-05,18,4.309,15,139,378,42,32,0.0,20,0.6,3.0,3
1119,4,117,9,9,50,5374.253,231.191,2023-11-19,80,4.6471285714285715,14,141,379,42,32,0.0,21,0.6,9.0,0
1120,4,117,7,7,58,5262.136,215.414,2023-11-26,24,5.281,16,143,380,42,32,0.0,22,0.61,7.0,0
1121,4,117,6,9,57,5579.629,206.83,2024-03-02,3,5.412,15,145,381,42,32,0.0,23,0.61,9.0,0
1122,4,117,4,5,50,4879.032,240.579,2024-03-09,77,6.174,27,147,382,42,32,0.0,24,0.61,5.0,0
1123,4,117,10,8,58,4927.835,236.055,2024-03-24,1,5.278,14,149,383,42,32,0.0,25,0.62,8.0,0
1124,4,117,5,6,53,6907.838,220.691,2024-04-07,22,5.807,18,151,384,42,32,0.0,26,0.62,6.0,0
1125,4,117,3,7,56,6095.968,200.629,2024-04-21,17,5.451,16,153,385,42,32,0.0,27,0.62,7.0,0
1126,4,117,15,9,57,5486.983,212.404,2024-05-05,79,3.363,19,155,386,42,32,0.0,28,0.63,9.0,0
1127,4,117,20,19,62,0.0,223.689,2024-05-19,21,4.909,19,157,387,42,32,0.0,29,0.62,19.0,0
1128,4,117,14,11,76,0.0,0.0,2024-05-26,6,3.337,19,159,388,42,32,0.0,30,0.63,11.0,0
1129,4,117,6,6,70,6365.437,205.753,2024-06-09,7,4.361,14,161,389,42,32,0.0,31,0.63,6.0,0
1130,4,117,10,12,65,0.0,214.022,2024-06-23,4,4.657,14,163,390,42,32,0.0,32,0.63,12.0,0
1131,4,117,15,18,70,0.0,229.633,2024-06-30,70,4.318,10,165,391,42,32,0.0,33,0.62,18.0,0
1132,4,117,10,8,52,5010.636,236.401,2024-07-07,9,5.891,18,167,392,42,32,0.0,34,0.62,8.0,0
1077,20,117,13,8,63,5598.878,217.61,2022-04-24,21,4.909,19,63,282,34,53,0.0,24,0.44,8.0,0
1078,20,117,0,17,54,0.0,208.423,2022-05-08,79,3.363,19,65,283,34,53,0.0,25,0.45,17.0,0
1079,20,117,16,11,65,0.0,192.059,2022-05-22,4,4.657,14,67,284,34,53,0.0,26,0.43,11.0,0
1080,20,117,9,10,64,7043.801,154.893,2022-05-29,6,3.337,19,69,285,34,53,0.0,27,0.45,10.0,0
1081,20,117,9,6,51,5730.04,199.719,2022-06-12,73,6.003,20,71,286,34,53,0.0,28,0.45,6.0,0
1082,20,117,16,12,70,5826.002,201.39,2022-06-19,7,4.361,14,73,287,34,53,0.0,29,0.47,12.0,0
1083,20,117,18,9,52,8292.667,229.343,2022-07-03,9,5.891,18,75,288,35,53,0.0,30,0.48,9.0,0
1084,20,117,18,17,70,0.0,222.065,2022-07-10,70,4.318,10,77,289,35,53,0.0,31,0.47,17.0,0
1085,20,117,12,11,53,5466.606,212.341,2022-07-24,34,5.842,15,79,290,35,53,0.0,32,0.48,11.0,0
1086,20,117,18,10,69,0.0,190.423,2022-07-31,11,4.381,14,81,291,35,53,0.0,33,0.47,10.0,0
1087,20,117,10,8,44,5231.001,224.098,2022-08-28,13,7.004,19,83,292,35,53,0.0,34,0.48,8.0,0
1088,20,117,19,14,72,5838.78,204.808,2022-09-04,39,4.259,14,85,293,35,53,0.0,35,0.49,14.0,0
1091,20,117,13,8,59,7400.27,164.696,2022-10-02,15,4.94,19,89,295,35,53,0.0,37,0.49,8.0,0
1092,20,117,9,6,28,10950.362,195.441,2022-10-09,22,5.807,18,91,296,35,53,0.0,38,0.51,6.0,0
1093,20,117,10,8,56,6197.041,193.54,2022-10-23,69,3.426,20,93,297,35,53,0.0,39,0.51,8.0,0
1094,20,117,16,14,70,0.0,186.486,2022-10-30,32,4.304,17,95,298,35,53,0.0,40,0.49,14.0,0
1095,20,117,9,11,71,5940.227,205.328,2022-11-13,18,4.309,15,97,299,35,53,0.0,41,0.51,11.0,0
1096,20,117,9,10,58,5349.812,210.51,2022-11-20,24,5.281,16,99,300,35,53,0.0,42,0.52,10.0,0
1074,807,117,17,17,57,5917.413,198.401,2022-03-20,3,5.412,15,57,183,34,0,0.0,1,0.44,17.0,0
1075,807,117,17,12,50,5151.035,237.332,2022-03-27,77,6.174,27,59,184,34,0,0.0,2,0.44,12.0,0
1098,807,210,10,15,56,0.0,201.656,2023-03-05,3,5.412,15,290,185,35,0,0.0,1,0.39,15.0,0
1099,807,210,10,12,50,4945.482,237.005,2023-03-19,77,6.174,27,292,186,35,0,0.0,2,0.4,12.0,0
1100,807,210,10,7,58,9163.31,234.219,2023-04-02,1,5.278,14,294,187,35,0,0.0,3,0.4,7.0,0
1101,807,210,0,17,50,0.0,202.479,2023-04-30,73,6.003,20,296,188,35,0,0.0,4,0.4,17.0,0
1102,807,210,12,15,57,5333.191,214.334,2023-05-07,79,3.363,19,298,189,35,0,0.0,5,0.4,15.0,0
1104,807,210,18,17,76,0.0,156.033,2023-05-28,6,3.337,19,300,190,35,0,0.0,6,0.4,17.0,0
1105,807,210,7,15,65,0.0,212.821,2023-06-04,4,4.657,14,302,191,35,0,0.0,7,0.4,15.0,0
1106,807,210,5,15,69,0.0,203.278,2023-06-18,7,4.361,14,304,192,35,0,0.0,8,0.4,15.0,0
1108,807,210,11,13,52,5143.601,231.08,2023-07-09,9,5.891,18,308,194,35,0,0.0,10,0.4,13.0,0
1109,807,210,10,14,69,0.0,188.716,2023-07-23,11,4.381,14,310,195,35,0,0.0,11,0.39,14.0,0
1110,807,210,0,18,44,5060.9,229.415,2023-07-30,13,7.004,19,312,196,35,0,0.0,12,0.4,18.0,0
1111,807,210,14,12,72,8665.251,205.881,2023-08-27,39,4.259,14,314,197,36,0,0.0,13,0.4,12.0,0
1112,807,210,13,17,50,0.0,242.796,2023-09-03,14,5.793,11,316,198,36,0,0.0,14,0.4,17.0,0
1113,807,210,9,13,62,6483.619,177.977,2023-09-17,15,4.94,19,318,199,36,0,0.0,15,0.4,13.0,0
1114,807,210,18,14,52,0.0,214.963,2023-09-24,22,5.807,18,320,200,36,0,0.0,16,0.4,14.0,0
1115,807,210,14,16,56,0.0,225.559,2023-10-08,78,5.419,16,322,201,36,0,0.0,17,0.4,16.0,0
1116,807,210,0,11,56,5811.266,196.648,2023-10-22,69,3.426,20,324,202,36,0,0.0,18,0.4,11.0,0
1117,807,210,12,13,71,7431.123,186.181,2023-10-29,32,4.304,17,326,203,36,0,0.0,19,0.4,13.0,0
1118,807,210,11,12,70,0.0,206.732,2023-11-05,18,4.309,15,328,204,36,0,0.0,20,0.4,12.0,0
1119,807,210,13,19,45,0.0,228.807,2023-11-19,80,4.6471285714285715,14,330,205,36,0,0.0,21,0.4,19.0,0
1120,807,210,8,15,58,5306.32,213.093,2023-11-26,24,5.281,16,332,206,36,0,0.0,22,0.4,15.0,0
1121,807,210,10,16,56,0.0,205.445,2024-03-02,3,5.412,15,334,207,36,0,0.0,23,0.4,16.0,0
1122,807,210,15,10,50,4920.269,240.633,2024-03-09,77,6.174,27,336,208,36,0,0.0,24,0.4,10.0,0
1123,807,210,16,9,58,4931.396,234.158,2024-03-24,1,5.278,14,338,209,36,0,0.0,25,0.4,9.0,0
1124,807,210,12,11,52,0.0,219.304,2024-04-07,22,5.807,18,340,210,36,0,0.0,26,0.4,11.0,0
1125,807,210,9,10,56,6113.03,194.649,2024-04-21,17,5.451,16,342,211,36,0,0.0,27,0.4,10.0,0
1126,807,210,9,11,57,5490.665,211.909,2024-05-05,79,3.363,19,344,212,36,0,0.0,28,0.4,11.0,0
1127,807,210,10,11,62,0.0,216.308,2024-05-19,21,4.909,19,346,213,36,0,0.0,29,0.4,11.0,0
1129,807,210,17,11,70,6378.751,204.733,2024-06-09,7,4.361,14,350,215,36,0,0.0,31,0.4,11.0,0
1130,807,210,13,11,66,5379.442,213.273,2024-06-23,4,4.657,14,352,216,36,0,0.0,32,0.4,11.0,0
1131,807,210,9,6,71,5116.886,221.388,2024-06-30,70,4.318,10,354,217,36,0,0.0,33,0.41,6.0,0
1132,807,210,6,6,52,5002.781,236.07,2024-07-07,9,5.891,18,356,218,36,0,0.0,34,0.41,6.0,0
1074,815,9,4,18,56,0.0,202.762,2022-03-20,3,5.412,15,654,216,32,2,69.0,23,0.69,18.0,0
1075,815,9,1,4,50,5070.093,241.481,2022-03-27,77,6.174,27,656,217,32,2,69.0,24,0.69,4.0,0
1076,815,9,3,2,58,5287.072,234.305,2022-04-10,1,5.278,14,658,218,32,2,69.0,25,0.69,2.0,2
1077,815,9,3,2,63,5544.513,223.845,2022-04-24,21,4.909,19,660,219,32,2,69.0,26,0.69,2.0,2
1078,815,9,4,4,57,5674.896,212.191,2022-05-08,79,3.363,19,662,220,32,2,69.0,27,0.69,4.0,0
1079,815,9,5,2,66,5853.547,200.099,2022-05-22,4,4.657,14,664,221,32,2,70.0,28,0.69,2.0,2
1080,815,9,3,1,64,6990.265,158.01,2022-05-29,6,3.337,19,666,222,32,3,71.0,29,0.69,1.0,1
1081,815,9,2,2,51,5666.764,203.787,2022-06-12,73,6.003,20,668,223,32,3,72.0,30,0.69,2.0,2
1083,815,9,4,2,52,8274.09,233.212,2022-07-03,9,5.891,18,672,225,32,3,74.0,32,0.69,2.0,2
1085,815,9,3,4,53,5419.422,215.086,2022-07-24,34,5.842,15,676,227,32,3,76.0,34,0.7,4.0,0
1086,815,9,11,5,70,5991.6,192.477,2022-07-31,11,4.381,14,678,228,32,3,77.0,35,0.7,5.0,0
1087,815,9,2,2,44,5170.735,227.64,2022-08-28,13,7.004,19,680,229,32,3,78.0,36,0.7,2.0,2
1088,815,9,5,5,72,5820.941,206.069,2022-09-04,39,4.259,14,682,230,32,3,79.0,37,0.7,5.0,0
1089,815,9,13,6,53,4833.602,248.182,2022-09-11,14,5.793,11,684,231,32,3,80.0,38,0.7,6.0,0
1091,815,9,2,1,59,7340.238,168.509,2022-10-02,15,4.94,19,686,232,32,4,81.0,39,0.7,1.0,1
1092,815,9,4,2,28,10931.07,196.995,2022-10-09,22,5.807,18,688,233,32,4,82.0,40,0.7,2.0,2
1093,815,9,9,4,56,6139.98,199.339,2022-10-23,69,3.426,20,690,234,32,4,83.0,41,0.7,4.0,0
1094,815,9,4,3,71,5934.826,189.476,2022-10-30,32,4.304,17,692,235,32,4,84.0,42,0.7,3.0,3
1095,815,9,4,7,71,5928.124,208.828,2022-11-13,18,4.309,15,694,236,32,4,85.0,43,0.7,7.0,0
1096,815,9,2,3,58,5276.007,213.68,2022-11-20,24,5.281,16,696,237,32,4,86.0,44,0.7,3.0,3
1098,815,9,2,2,57,5648.723,202.225,2023-03-05,3,5.412,15,698,238,33,4,87.0,45,0.7,2.0,2
1099,815,9,1,1,50,4874.894,241.098,2023-03-19,77,6.174,27,700,239,33,5,88.0,46,0.71,1.0,1
1100,815,9,0,5,58,9161.691,236.814,2023-04-02,1,5.278,14,702,240,33,5,89.0,47,0.71,5.0,0
1101,815,9,3,1,51,5562.436,206.625,2023-04-30,73,6.003,20,704,241,33,6,90.0,48,0.71,1.0,1
1102,815,9,1,2,57,5263.625,215.141,2023-05-07,79,3.363,19,706,242,33,6,91.0,49,0.71,2.0,2
1104,815,9,20,16,76,0.0,157.51,2023-05-28,6,3.337,19,708,243,33,6,92.0,50,0.71,16.0,0
1105,815,9,11,4,66,5313.752,218.678,2023-06-04,4,4.657,14,710,244,33,6,93.0,51,0.71,4.0,0
1106,815,9,12,6,70,5689.376,210.786,2023-06-18,7,4.361,14,712,245,33,6,94.0,52,0.71,6.0,0
1107,815,9,15,3,71,5150.795,228.227,2023-07-02,70,4.318,10,714,246,33,6,95.0,53,0.71,3.0,3
1108,815,9,15,6,52,5129.82,233.271,2023-07-09,9,5.891,18,716,247,33,6,96.0,54,0.71,6.0,0
1109,815,9,9,3,70,5926.237,191.647,2023-07-23,11,4.381,14,718,248,33,6,97.0,55,0.71,3.0,3
1110,815,9,2,2,44,4972.755,228.581,2023-07-30,13,7.004,19,720,249,33,6,98.0,56,0.71,2.0,2
1111,815,9,7,4,72,8655.093,206.549,2023-08-27,39,4.259,14,722,250,33,6,99.0,57,0.71,4.0,0
1112,815,9,5,2,51,4427.207,243.853,2023-09-03,14,5.793,11,724,251,33,6,100.0,58,0.72,2.0,2
1113,815,9,13,8,62,6456.952,183.136,2023-09-17,15,4.94,19,726,252,33,6,101.0,59,0.72,8.0,0
1115,815,9,0,10,57,5339.349,226.263,2023-10-08,78,5.419,16,730,254,33,6,103.0,61,0.72,10.0,0
1116,815,9,9,4,56,5739.822,198.991,2023-10-22,69,3.426,20,732,255,33,6,104.0,62,0.72,4.0,0
1118,815,9,9,4,71,7043.102,209.276,2023-11-05,18,4.309,15,736,257,33,6,106.0,64,0.72,4.0,0
1119,815,9,11,3,50,5350.53,232.685,2023-11-19,80,4.6471285714285715,14,738,258,33,6,107.0,65,0.72,3.0,3
1120,815,9,9,4,58,5244.077,217.292,2023-11-26,24,5.281,16,740,259,33,6,108.0,66,0.72,4.0,0
1121,815,9,5,2,57,5527.199,206.468,2024-03-02,3,5.412,15,742,260,34,6,109.0,67,0.72,2.0,2
1122,815,9,3,2,50,4862.704,240.876,2024-03-09,77,6.174,27,744,261,34,6,110.0,68,0.72,2.0,2
1123,815,9,6,5,58,4883.152,236.363,2024-03-24,1,5.278,14,746,262,34,6,111.0,69,0.72,5.0,0
1124,815,9,2,2,53,6876.101,222.525,2024-04-07,22,5.807,18,748,263,34,6,112.0,70,0.72,2.0,2
1125,815,9,2,3,56,6071.714,197.444,2024-04-21,17,5.451,16,750,264,34,6,113.0,71,0.72,3.0,3
1126,815,9,4,4,57,5464.526,214.442,2024-05-05,79,3.363,19,752,265,34,6,114.0,72,0.72,4.0,0
1127,815,9,11,8,63,5180.028,221.775,2024-05-19,21,4.909,19,754,266,34,6,115.0,73,0.72,8.0,0
1130,815,9,11,8,66,5359.751,215.532,2024-06-23,4,4.657,14,760,269,34,6,118.0,76,0.72,8.0,0
1131,815,9,8,7,71,5117.47,223.043,2024-06-30,70,4.318,10,762,270,34,6,119.0,77,0.72,7.0,0
1132,815,9,0,17,50,0.0,236.409,2024-07-07,9,5.891,18,764,271,34,6,120.0,78,0.72,17.0,0
1074,817,1,18,14,57,5908.559,200.318,2022-03-20,3,5.412,15,1789,211,32,8,165.0,23,0.53,14.0,0
1076,817,1,7,6,58,5320.285,230.449,2022-04-10,1,5.278,14,1793,213,32,8,165.0,25,0.53,6.0,0
1077,817,1,6,18,62,0.0,216.634,2022-04-24,21,4.909,19,1795,214,32,8,165.0,26,0.53,18.0,0
1078,817,1,14,13,57,5705.16,208.901,2022-05-08,79,3.363,19,1797,215,32,8,165.0,27,0.53,13.0,0
1079,817,1,9,12,65,0.0,192.816,2022-05-22,4,4.657,14,1799,216,32,8,165.0,28,0.53,12.0,0
1080,817,1,14,13,64,7047.9,154.945,2022-05-29,6,3.337,19,1801,217,32,8,165.0,29,0.53,13.0,0
1081,817,1,12,8,51,5738.148,199.589,2022-06-12,73,6.003,20,1803,218,32,8,165.0,30,0.53,8.0,0
1082,817,1,9,11,70,5824.804,201.452,2022-06-19,7,4.361,14,1805,219,32,8,165.0,31,0.53,11.0,0
1083,817,1,14,13,52,8303.128,228.914,2022-07-03,9,5.891,18,1807,220,33,8,165.0,32,0.53,13.0,0
1084,817,1,11,9,70,0.0,222.309,2022-07-10,70,4.318,10,1809,221,33,8,165.0,33,0.53,9.0,0
1085,817,1,9,9,53,5462.484,212.151,2022-07-24,34,5.842,15,1811,222,33,8,165.0,34,0.53,9.0,0
1086,817,1,9,15,69,0.0,188.533,2022-07-31,11,4.381,14,1813,223,33,8,165.0,35,0.53,15.0,0
1087,817,1,7,15,44,5260.057,222.978,2022-08-28,13,7.004,19,1815,224,33,8,165.0,36,0.53,15.0,0
1088,817,1,17,17,72,5840.537,202.871,2022-09-04,39,4.259,14,1817,225,33,8,165.0,37,0.53,17.0,0
1091,817,1,16,5,59,7393.52,164.196,2022-10-02,15,4.94,19,1821,227,33,8,165.0,39,0.54,5.0,0
1092,817,1,11,11,28,10976.881,193.848,2022-10-09,22,5.807,18,1823,228,33,8,165.0,40,0.54,11.0,0
1093,817,1,15,16,56,6222.174,193.778,2022-10-23,69,3.426,20,1825,229,33,8,165.0,41,0.54,16.0,0
1094,817,1,11,7,70,0.0,188.905,2022-10-30,32,4.304,17,1827,230,33,8,165.0,42,0.54,7.0,0
1096,817,1,13,9,58,5349.182,209.413,2022-11-20,24,5.281,16,1831,232,33,8,165.0,44,0.54,9.0,0
1109,817,213,13,13,69,0.0,187.904,2023-07-23,11,4.381,14,144,233,34,8,0.0,1,0.51,13.0,0
1110,817,213,19,16,44,5053.521,227.169,2023-07-30,13,7.004,19,146,234,34,8,0.0,2,0.51,16.0,0
1116,817,213,14,15,55,0.0,199.734,2023-10-22,69,3.426,20,158,235,34,8,0.0,3,0.51,15.0,0
1117,817,213,4,7,71,7392.384,187.404,2023-10-29,32,4.304,17,160,236,34,8,0.0,4,0.51,7.0,0
1118,817,213,17,13,70,0.0,210.007,2023-11-05,18,4.309,15,162,237,34,8,0.0,5,0.51,13.0,0
1119,817,213,14,14,50,5396.814,229.884,2023-11-19,80,4.6471285714285715,14,164,238,34,8,0.0,6,0.51,14.0,0
1120,817,213,15,11,58,5278.853,214.648,2023-11-26,24,5.281,16,166,239,34,8,0.0,7,0.52,11.0,0
1121,817,215,14,13,56,0.0,204.735,2024-03-02,3,5.412,15,2,240,34,8,0.0,1,0.0,13.0,0
1122,817,215,14,16,49,0.0,238.166,2024-03-09,77,6.174,27,4,241,34,8,0.0,2,0.0,16.0,0
1123,817,215,18,12,57,0.0,233.887,2024-03-24,1,5.278,14,6,242,34,8,0.0,3,0.17,12.0,0
1126,817,215,20,15,57,5500.832,211.493,2024-05-05,79,3.363,19,12,245,34,8,0.0,6,0.25,15.0,0
1127,817,215,9,13,62,0.0,216.655,2024-05-19,21,4.909,19,14,246,34,8,0.0,7,0.21,13.0,0
1128,817,215,12,12,76,0.0,0.0,2024-05-26,6,3.337,19,16,247,34,8,0.0,8,0.25,12.0,0
1129,817,215,5,8,70,6376.599,203.689,2024-06-09,7,4.361,14,18,248,34,8,0.0,9,0.33,8.0,0
1130,817,215,18,15,65,0.0,211.015,2024-06-23,4,4.657,14,20,249,35,8,0.0,10,0.3,15.0,0
1131,817,215,11,9,71,5123.967,220.725,2024-06-30,70,4.318,10,22,250,35,8,0.0,11,0.32,9.0,0
1132,817,215,15,13,51,0.0,233.731,2024-07-07,9,5.891,18,24,251,35,8,0.0,12,0.33,13.0,0
1074,822,51,6,6,57,5869.703,201.691,2022-03-20,3,5.412,15,365,180,32,10,0.0,1,0.3,6.0,0
1076,822,51,12,8,58,5334.987,232.707,2022-04-10,1,5.278,14,369,182,32,10,0.0,3,0.3,8.0,0
1077,822,51,7,5,63,5571.167,218.831,2022-04-24,21,4.909,19,371,183,32,10,0.0,4,0.3,5.0,0
1078,822,51,5,7,57,5689.331,209.083,2022-05-08,79,3.363,19,373,184,32,10,0.0,5,0.3,7.0,0
1079,822,51,7,6,66,5900.451,194.802,2022-05-22,4,4.657,14,375,185,32,10,0.0,6,0.3,6.0,0
1080,822,51,12,9,64,7042.79,154.809,2022-05-29,6,3.337,19,377,186,32,10,0.0,7,0.31,9.0,0
1081,822,51,15,11,50,0.0,199.768,2022-06-12,73,6.003,20,379,187,32,10,0.0,8,0.3,11.0,0
1082,822,51,11,7,70,5807.004,203.864,2022-06-19,7,4.361,14,381,188,32,10,0.0,9,0.31,7.0,0
1084,822,51,0,11,70,0.0,224.421,2022-07-10,70,4.318,10,385,190,32,10,0.0,11,0.3,11.0,0
1085,822,51,11,14,53,5478.778,214.685,2022-07-24,34,5.842,15,387,191,32,10,0.0,12,0.31,14.0,0
1086,822,51,8,20,65,0.0,187.752,2022-07-31,11,4.381,14,389,192,32,10,0.0,13,0.31,20.0,0
1089,822,51,15,13,52,0.0,243.329,2022-09-11,14,5.793,11,395,195,33,10,0.0,16,0.31,13.0,0
1091,822,51,15,11,59,7429.082,162.937,2022-10-02,15,4.94,19,397,196,33,10,0.0,17,0.31,11.0,0
1092,822,51,12,15,28,10990.5,193.889,2022-10-09,22,5.807,18,399,197,33,10,0.0,18,0.31,15.0,0
1094,822,51,6,10,70,0.0,185.866,2022-10-30,32,4.304,17,403,199,33,10,0.0,20,0.31,10.0,0
1095,822,51,14,9,71,5936.596,205.432,2022-11-13,18,4.309,15,405,200,33,10,0.0,21,0.32,9.0,0
1096,822,51,18,15,57,0.0,210.417,2022-11-20,24,5.281,16,407,201,33,10,0.0,22,0.31,15.0,0
1098,822,51,12,8,57,5709.383,200.075,2023-03-05,3,5.412,15,409,202,33,10,0.0,23,0.32,8.0,0
1099,822,51,14,18,49,0.0,235.489,2023-03-19,77,6.174,27,411,203,33,10,0.0,24,0.32,18.0,0
1100,822,51,0,11,58,9164.884,231.06,2023-04-02,1,5.278,14,413,204,33,10,0.0,25,0.32,11.0,0
1101,822,51,13,18,50,0.0,203.292,2023-04-30,73,6.003,20,415,205,33,10,0.0,26,0.32,18.0,0
1102,822,51,10,13,57,5329.878,212.147,2023-05-07,79,3.363,19,417,206,33,10,0.0,27,0.32,13.0,0
1104,822,51,15,11,77,0.0,154.363,2023-05-28,6,3.337,19,419,207,33,10,0.0,28,0.32,11.0,0
1105,822,51,16,19,65,0.0,214.273,2023-06-04,4,4.657,14,421,208,33,10,0.0,29,0.32,19.0,0
1106,822,51,14,10,70,5702.78,204.888,2023-06-18,7,4.361,14,423,209,33,10,0.0,30,0.32,10.0,0
1107,822,51,14,15,70,0.0,222.259,2023-07-02,70,4.318,10,425,210,33,10,0.0,31,0.32,15.0,0
1108,822,51,20,12,52,5142.768,230.888,2023-07-09,9,5.891,18,427,211,33,10,0.0,32,0.32,12.0,0
1109,822,51,7,12,69,0.0,188.54,2023-07-23,11,4.381,14,429,212,33,10,0.0,33,0.32,12.0,0
1110,822,51,13,12,44,5035.641,228.153,2023-07-30,13,7.004,19,431,213,33,10,0.0,34,0.32,12.0,0
1111,822,51,18,14,72,8671.799,205.258,2023-08-27,39,4.259,14,433,214,34,10,0.0,35,0.33,14.0,0
1112,822,51,14,10,51,4485.199,242.531,2023-09-03,14,5.793,11,435,215,34,10,0.0,36,0.33,10.0,0
1115,822,51,9,8,57,5325.731,225.135,2023-10-08,78,5.419,16,441,218,34,10,0.0,39,0.33,8.0,0
1116,822,51,13,12,56,5819.963,194.629,2023-10-22,69,3.426,20,443,219,34,10,0.0,40,0.33,12.0,0
1117,822,51,9,15,71,7436.411,186.306,2023-10-29,32,4.304,17,445,220,34,10,0.0,41,0.33,15.0,0
1119,822,51,7,17,50,5433.639,228.814,2023-11-19,80,4.6471285714285715,14,449,222,34,10,0.0,43,0.34,17.0,0
1120,822,51,18,19,57,0.0,211.562,2023-11-26,24,5.281,16,451,223,34,10,0.0,44,0.34,19.0,0
1121,822,15,16,19,56,0.0,202.523,2024-03-02,3,5.412,15,791,224,34,10,0.0,1,0.31,19.0,0
1122,822,15,16,17,49,0.0,239.751,2024-03-09,77,6.174,27,793,225,34,10,0.0,2,0.31,17.0,0
1123,822,15,13,14,57,0.0,233.361,2024-03-24,1,5.278,14,795,226,34,10,0.0,3,0.31,14.0,0
1124,822,15,13,14,52,0.0,216.392,2024-04-07,22,5.807,18,797,227,34,10,0.0,4,0.31,14.0,0
1126,822,15,16,16,57,5502.232,211.548,2024-05-05,79,3.363,19,801,229,34,10,0.0,6,0.31,16.0,0
1127,822,15,16,18,62,0.0,216.959,2024-05-19,21,4.909,19,803,230,34,10,0.0,7,0.31,18.0,0
1128,822,15,17,13,76,0.0,0.0,2024-05-26,6,3.337,19,805,231,34,10,0.0,8,0.31,13.0,0
1129,822,15,0,13,70,6388.414,203.231,2024-06-09,7,4.361,14,807,232,34,10,0.0,9,0.31,13.0,0
1130,822,15,12,16,65,0.0,210.596,2024-06-23,4,4.657,14,809,233,34,10,0.0,10,0.31,16.0,0
1131,822,15,18,16,70,0.0,220.653,2024-06-30,70,4.318,10,811,234,34,10,0.0,11,0.31,16.0,0
1132,822,15,16,15,51,0.0,232.343,2024-07-07,9,5.891,18,813,235,34,10,0.0,12,0.31,15.0,0
1074,825,210,7,5,57,5868.338,201.641,2022-03-20,3,5.412,15,246,121,29,0,0.0,80,0.39,5.0,0
1075,825,210,10,9,50,5123.601,239.562,2022-03-27,77,6.174,27,248,122,29,0,0.0,81,0.4,9.0,0
1076,825,210,16,14,57,0.0,228.729,2022-04-10,1,5.278,14,250,123,29,0,0.0,82,0.39,14.0,0
1077,825,210,8,9,63,5603.246,217.538,2022-04-24,21,4.909,19,252,124,29,0,0.0,83,0.39,9.0,0
1078,825,210,16,16,56,0.0,208.351,2022-05-08,79,3.363,19,254,125,29,0,0.0,84,0.39,16.0,0
1079,825,210,8,17,64,0.0,192.261,2022-05-22,4,4.657,14,256,126,29,0,0.0,85,0.39,17.0,0
1082,825,210,5,17,70,5849.937,201.158,2022-06-19,7,4.361,14,262,129,29,0,0.0,88,0.39,17.0,0
1083,825,210,17,10,52,8294.901,228.872,2022-07-03,9,5.891,18,264,130,29,0,0.0,89,0.39,10.0,0
1084,825,210,7,8,70,0.0,222.265,2022-07-10,70,4.318,10,266,131,29,0,0.0,90,0.39,8.0,0
1086,825,210,13,16,69,0.0,188.856,2022-07-31,11,4.381,14,270,133,29,0,0.0,92,0.39,16.0,0
1087,825,210,12,16,43,0.0,222.482,2022-08-28,13,7.004,19,272,134,29,0,0.0,93,0.39,16.0,0
1088,825,210,18,15,72,5839.642,203.431,2022-09-04,39,4.259,14,274,135,29,0,0.0,94,0.39,15.0,0
1089,825,210,16,16,52,0.0,240.268,2022-09-11,14,5.793,11,276,136,29,0,0.0,95,0.39,16.0,0
1091,825,210,9,12,59,7432.848,162.641,2022-10-02,15,4.94,19,278,137,30,0,0.0,96,0.39,12.0,0
1092,825,210,18,14,28,10990.02,193.437,2022-10-09,22,5.807,18,280,138,30,0,0.0,97,0.4,14.0,0
1093,825,210,13,9,56,6197.521,194.184,2022-10-23,69,3.426,20,282,139,30,0,0.0,98,0.4,9.0,0
1094,825,210,19,17,70,0.0,186.007,2022-10-30,32,4.304,17,284,140,30,0,0.0,99,0.4,17.0,0
1096,825,210,16,17,57,0.0,208.556,2022-11-20,24,5.281,16,288,142,30,0,0.0,101,0.4,17.0,0
1098,825,210,17,13,56,0.0,201.959,2023-03-05,3,5.412,15,290,143,30,0,0.0,102,0.39,13.0,0
1099,825,210,13,10,50,4939.72,238.036,2023-03-19,77,6.174,27,292,144,30,0,0.0,103,0.4,10.0,0
1100,825,210,14,17,52,0.0,232.61,2023-04-02,1,5.278,14,294,145,30,0,0.0,104,0.4,17.0,0
1101,825,210,16,13,51,5652.165,204.164,2023-04-30,73,6.003,20,296,146,30,0,0.0,105,0.4,13.0,0
1102,825,210,4,10,57,5321.186,212.487,2023-05-07,79,3.363,19,298,147,30,0,0.0,106,0.4,10.0,0
1105,825,210,17,18,65,0.0,214.748,2023-06-04,4,4.657,14,302,149,30,0,0.0,108,0.4,18.0,0
1106,825,210,13,17,69,0.0,206.231,2023-06-18,7,4.361,14,304,150,30,0,0.0,109,0.4,17.0,0
1107,825,210,0,18,70,0.0,221.511,2023-07-02,70,4.318,10,306,151,30,0,0.0,110,0.4,18.0,0
1109,825,210,19,17,69,0.0,188.061,2023-07-23,11,4.381,14,310,153,30,0,0.0,112,0.39,17.0,0
1110,825,210,16,15,44,5052.204,227.171,2023-07-30,13,7.004,19,312,154,30,0,0.0,113,0.4,15.0,0
1111,825,210,0,16,72,8679.515,203.107,2023-08-27,39,4.259,14,314,155,30,0,0.0,114,0.4,16.0,0
1112,825,210,19,18,50,0.0,241.716,2023-09-03,14,5.793,11,316,156,30,0,0.0,115,0.4,18.0,0
1113,825,210,6,10,62,6469.534,181.271,2023-09-17,15,4.94,19,318,157,30,0,0.0,116,0.4,10.0,0
1114,825,210,15,15,52,0.0,213.662,2023-09-24,22,5.807,18,320,158,30,0,0.0,117,0.4,15.0,0
1115,825,210,18,14,56,0.0,224.061,2023-10-08,78,5.419,16,322,159,31,0,0.0,118,0.4,14.0,0
1116,825,210,0,14,55,0.0,195.523,2023-10-22,69,3.426,20,324,160,31,0,0.0,119,0.4,14.0,0
1119,825,210,8,13,50,5393.114,229.065,2023-11-19,80,4.6471285714285715,14,330,163,31,0,0.0,122,0.4,13.0,0
1120,825,210,17,20,57,0.0,211.395,2023-11-26,24,5.281,16,332,164,31,0,0.0,123,0.4,20.0,0
1121,825,210,15,12,56,0.0,203.863,2024-03-02,3,5.412,15,334,165,31,0,0.0,124,0.4,12.0,0
1122,825,210,13,12,50,4955.646,240.706,2024-03-09,77,6.174,27,336,166,31,0,0.0,125,0.4,12.0,0
1123,825,210,14,10,57,0.0,234.34,2024-03-24,1,5.278,14,338,167,31,0,0.0,126,0.4,10.0,0
1124,825,210,18,13,52,0.0,216.289,2024-04-07,22,5.807,18,340,168,31,0,0.0,127,0.4,13.0,0
1125,825,210,17,16,56,6140.087,194.145,2024-04-21,17,5.451,16,342,169,31,0,0.0,128,0.4,16.0,0
1126,825,210,18,19,57,5534.559,212.295,2024-05-05,79,3.363,19,344,170,31,0,0.0,129,0.4,19.0,0
1127,825,210,18,12,62,0.0,218.153,2024-05-19,21,4.909,19,346,171,31,0,0.0,130,0.4,12.0,0
1129,825,210,14,12,70,6379.18,205.226,2024-06-09,7,4.361,14,350,173,31,0,0.0,132,0.4,12.0,0
1130,825,210,16,17,65,0.0,210.077,2024-06-23,4,4.657,14,352,174,31,0,0.0,133,0.4,17.0,0
1131,825,210,12,8,71,5123.153,221.672,2024-06-30,70,4.318,10,354,175,31,0,0.0,134,0.41,8.0,0
1132,825,210,17,12,52,5037.212,235.396,2024-07-07,9,5.891,18,356,176,31,0,0.0,135,0.41,12.0,0
1074,830,9,2,19,54,0.0,204.14,2022-03-20,3,5.412,15,654,142,24,20,69.0,119,0.69,19.0,0
1075,830,9,4,1,50,5059.293,242.191,2022-03-27,77,6.174,27,656,143,24,21,69.0,120,0.69,1.0,1
1077,830,9,1,1,63,5527.986,225.281,2022-04-24,21,4.909,19,660,145,24,22,69.0,122,0.69,1.0,1
1078,830,9,3,1,57,5664.258,213.255,2022-05-08,79,3.363,19,662,146,24,23,69.0,123,0.69,1.0,1
1079,830,9,2,1,66,5840.475,196.943,2022-05-22,4,4.657,14,664,147,24,24,70.0,124,0.69,1.0,1
1080,830,9,4,3,64,6991.756,157.96,2022-05-29,6,3.337,19,666,148,24,24,71.0,125,0.69,3.0,3
1081,830,9,3,1,51,5645.941,203.779,2022-06-12,73,6.003,20,668,149,24,25,72.0,126,0.69,1.0,1
1082,830,9,1,1,70,5781.757,207.012,2022-06-19,7,4.361,14,670,150,24,26,73.0,127,0.69,1.0,1
1083,830,9,2,7,52,8289.088,229.633,2022-07-03,9,5.891,18,672,151,24,26,74.0,128,0.69,7.0,0
1084,830,9,1,2,71,5065.844,231.063,2022-07-10,70,4.318,10,674,152,24,26,75.0,129,0.69,2.0,2
1085,830,9,2,1,53,5402.112,215.724,2022-07-24,34,5.842,15,676,153,24,27,76.0,130,0.7,1.0,1
1086,830,9,10,1,70,5975.912,192.041,2022-07-31,11,4.381,14,678,154,24,28,77.0,131,0.7,1.0,1
1087,830,9,14,1,44,5152.894,230.575,2022-08-28,13,7.004,19,680,155,24,29,78.0,132,0.7,1.0,1
1088,830,9,1,1,72,5802.773,208.173,2022-09-04,39,4.259,14,682,156,24,30,79.0,133,0.7,1.0,1
1089,830,9,7,1,53,4827.511,246.088,2022-09-11,14,5.793,11,684,157,24,31,80.0,134,0.7,1.0,1
1091,830,9,8,7,59,7399.063,167.0,2022-10-02,15,4.94,19,686,158,25,31,81.0,135,0.7,7.0,0
1092,830,9,1,1,28,10904.004,199.266,2022-10-09,22,5.807,18,688,159,25,32,82.0,136,0.7,1.0,1
1093,830,9,2,1,56,6131.687,199.383,2022-10-23,69,3.426,20,690,160,25,33,83.0,137,0.7,1.0,1
1094,830,9,1,1,71,5916.729,188.85,2022-10-30,32,4.304,17,692,161,25,34,84.0,138,0.7,1.0,1
1095,830,9,3,6,71,5924.1,209.076,2022-11-13,18,4.309,15,694,162,25,34,85.0,139,0.7,6.0,0
1096,830,9,1,1,58,5265.914,212.676,2022-11-20,24,5.281,16,696,163,25,35,86.0,140,0.7,1.0,1
1098,830,9,1,1,57,5636.736,202.452,2023-03-05,3,5.412,15,698,164,25,36,87.0,141,0.7,1.0,1
1099,830,9,15,2,50,4880.249,241.838,2023-03-19,77,6.174,27,700,165,25,36,88.0,142,0.71,2.0,2
1100,830,9,1,1,58,9158.371,236.498,2023-04-02,1,5.278,14,702,166,25,37,89.0,143,0.71,1.0,1
1101,830,9,2,2,51,5564.573,207.333,2023-04-30,73,6.003,20,704,167,25,37,90.0,144,0.71,2.0,2
1102,830,9,9,1,57,5258.241,217.184,2023-05-07,79,3.363,19,706,168,25,38,91.0,145,0.71,1.0,1
1104,830,9,1,1,78,6531.98,156.822,2023-05-28,6,3.337,19,708,169,25,39,92.0,146,0.71,1.0,1
1105,830,9,1,1,66,5277.94,219.641,2023-06-04,4,4.657,14,710,170,25,40,93.0,147,0.71,1.0,1
1106,830,9,1,1,70,5638.348,207.683,2023-06-18,7,4.361,14,712,171,25,41,94.0,148,0.71,1.0,1
1107,830,9,1,1,71,5133.607,231.97,2023-07-02,70,4.318,10,714,172,25,42,95.0,149,0.71,1.0,1
1108,830,9,1,1,52,5116.938,234.922,2023-07-09,9,5.891,18,716,173,25,43,96.0,150,0.71,1.0,1
1109,830,9,2,1,70,5888.634,195.91,2023-07-23,11,4.381,14,718,174,25,44,97.0,151,0.71,1.0,1
1110,830,9,6,1,44,4950.45,231.49,2023-07-30,13,7.004,19,720,175,25,45,98.0,152,0.71,1.0,1
1111,830,9,1,1,72,8644.411,207.505,2023-08-27,39,4.259,14,722,176,25,46,99.0,153,0.71,1.0,1
1112,830,9,2,1,51,4421.143,244.659,2023-09-03,14,5.793,11,724,177,25,47,100.0,154,0.72,1.0,1
1113,830,9,11,5,62,6418.859,184.147,2023-09-17,15,4.94,19,726,178,25,47,101.0,155,0.72,5.0,0
1114,830,9,1,1,53,5458.421,221.963,2023-09-24,22,5.807,18,728,179,26,48,102.0,156,0.72,1.0,1
1115,830,9,1,1,57,5259.168,231.364,2023-10-08,78,5.419,16,730,180,26,49,103.0,157,0.72,1.0,1
1116,830,9,6,1,56,5721.362,198.412,2023-10-22,69,3.426,20,732,181,26,50,104.0,158,0.72,1.0,1
1117,830,9,3,1,71,7350.814,189.78,2023-10-29,32,4.304,17,734,182,26,51,105.0,159,0.72,1.0,1
1118,830,9,1,1,71,7008.894,211.277,2023-11-05,18,4.309,15,736,183,26,52,106.0,160,0.72,1.0,1
1119,830,9,2,1,50,5348.289,233.476,2023-11-19,80,4.6471285714285715,14,738,184,26,53,107.0,161,0.72,1.0,1
1120,830,9,1,1,58,5222.624,218.541,2023-11-26,24,5.281,16,740,185,26,54,108.0,162,0.72,1.0,1
1121,830,9,1,1,57,5504.742,210.383,2024-03-02,3,5.412,15,742,186,26,55,109.0,163,0.72,1.0,1
1122,830,9,1,1,50,4843.273,242.188,2024-03-09,77,6.174,27,744,187,26,56,110.0,164,0.72,1.0,1
1124,830,9,1,1,53,6863.566,223.093,2024-04-07,22,5.807,18,748,189,26,57,112.0,166,0.72,1.0,1
1125,830,9,1,1,56,6052.554,199.414,2024-04-21,17,5.451,16,750,190,26,58,113.0,167,0.72,1.0,1
1126,830,9,1,2,57,5457.488,213.488,2024-05-05,79,3.363,19,752,191,26,58,114.0,168,0.72,2.0,2
1127,830,9,1,1,63,5125.252,219.898,2024-05-19,21,4.909,19,754,192,26,59,115.0,169,0.72,1.0,1
1128,830,9,6,6,78,8609.407,0.0,2024-05-26,6,3.337,19,756,193,26,59,116.0,170,0.72,6.0,0
1129,830,9,2,1,70,6347.927,207.751,2024-06-09,7,4.361,14,758,194,26,60,117.0,171,0.72,1.0,1
1130,830,9,2,1,66,5300.227,215.557,2024-06-23,4,4.657,14,760,195,26,61,118.0,172,0.72,1.0,1
1131,830,9,1,5,71,5100.051,229.548,2024-06-30,70,4.318,10,762,196,26,61,119.0,173,0.72,5.0,0
1132,830,9,4,2,52,4948.524,238.416,2024-07-07,9,5.891,18,764,197,26,61,120.0,174,0.72,2.0,2
1074,832,6,3,2,57,5859.182,203.501,2022-03-20,3,5.412,15,2305,142,27,0,230.0,23,0.59,2.0,2
1075,832,6,3,3,50,5067.39,241.841,2022-03-27,77,6.174,27,2307,143,27,0,231.0,24,0.59,3.0,3
1078,832,6,2,3,57,5672.487,212.258,2022-05-08,79,3.363,19,2313,146,27,0,234.0,27,0.59,3.0,3
1079,832,6,3,4,66,5885.683,195.731,2022-05-22,4,4.657,14,2315,147,27,0,234.0,28,0.59,4.0,0
1080,832,6,2,2,64,6991.419,157.197,2022-05-29,6,3.337,19,2317,148,27,0,234.0,29,0.59,2.0,2
1082,832,6,3,2,70,5782.75,207.258,2022-06-19,7,4.361,14,2321,150,27,0,234.0,31,0.59,2.0,2
1083,832,6,1,1,52,8270.311,233.53,2022-07-03,9,5.891,18,2323,151,27,1,234.0,32,0.59,1.0,1
1085,832,6,19,5,53,5430.984,219.575,2022-07-24,34,5.842,15,2327,153,27,1,234.0,34,0.59,5.0,0
1086,832,6,2,4,70,5990.491,192.336,2022-07-31,11,4.381,14,2329,154,27,1,234.0,35,0.59,4.0,0
1087,832,6,1,3,44,5179.78,225.174,2022-08-28,13,7.004,19,2331,155,28,1,234.0,36,0.59,3.0,3
1088,832,6,3,8,72,5823.689,205.409,2022-09-04,39,4.259,14,2333,156,28,1,234.0,37,0.59,8.0,0
1089,832,6,18,4,53,4832.572,246.96,2022-09-11,14,5.793,11,2335,157,28,1,234.0,38,0.59,4.0,0
1091,832,6,4,3,59,7350.543,168.122,2022-10-02,15,4.94,19,2337,158,28,1,234.0,39,0.59,3.0,3
1094,832,6,5,5,71,5974.852,188.498,2022-10-30,32,4.304,17,2343,161,28,1,234.0,42,0.59,5.0,0
1095,832,6,7,3,71,5918.095,209.76,2022-11-13,18,4.309,15,2345,162,28,1,234.0,43,0.59,3.0,3
1096,832,6,4,4,58,5290.806,213.904,2022-11-20,24,5.281,16,2347,163,28,1,234.0,44,0.59,4.0,0
1098,832,6,4,4,57,5684.788,200.588,2023-03-05,3,5.412,15,2349,164,28,1,234.0,45,0.59,4.0,0
1099,832,6,4,6,50,4910.77,239.451,2023-03-19,77,6.174,27,2351,165,28,1,234.0,46,0.59,6.0,0
1100,832,6,5,12,58,9164.965,236.131,2023-04-02,1,5.278,14,2353,166,28,1,234.0,47,0.59,12.0,0
1101,832,6,4,5,51,5607.927,205.474,2023-04-30,73,6.003,20,2355,167,28,1,234.0,48,0.59,5.0,0
1102,832,6,3,5,57,5300.752,213.252,2023-05-07,79,3.363,19,2357,168,28,1,234.0,49,0.59,5.0,0
1104,832,6,4,8,78,6595.371,157.14,2023-05-28,6,3.337,19,2359,169,28,1,234.0,50,0.59,8.0,0
1105,832,6,2,5,66,5323.638,213.833,2023-06-04,4,4.657,14,2361,170,28,1,234.0,51,0.59,5.0,0
1106,832,6,11,5,70,5659.888,206.815,2023-06-18,7,4.361,14,2363,171,28,1,234.0,52,0.59,5.0,0
1107,832,6,3,6,71,5164.984,225.679,2023-07-02,70,4.318,10,2365,172,28,1,234.0,53,0.59,6.0,0
1108,832,6,5,10,52,5136.386,232.116,2023-07-09,9,5.891,18,2367,173,28,1,234.0,54,0.6,10.0,0
1109,832,6,11,8,70,5959.707,190.976,2023-07-23,11,4.381,14,2369,174,28,1,234.0,55,0.6,8.0,0
1111,832,6,6,5,72,8656.952,204.612,2023-08-27,39,4.259,14,2373,176,29,1,234.0,57,0.6,5.0,0
1112,832,6,1,3,51,4432.336,243.912,2023-09-03,14,5.793,11,2375,177,29,1,234.0,58,0.6,3.0,3
1113,832,6,1,1,62,6397.418,182.089,2023-09-17,15,4.94,19,2377,178,29,2,234.0,59,0.6,1.0,1
1114,832,6,6,6,53,5508.642,217.339,2023-09-24,22,5.807,18,2379,179,29,2,234.0,60,0.6,6.0,0
1116,832,6,4,3,56,5736.496,198.4,2023-10-22,69,3.426,20,2383,181,29,2,234.0,62,0.6,3.0,3
1117,832,6,2,4,71,7377.968,187.722,2023-10-29,32,4.304,17,2385,182,29,2,234.0,63,0.6,4.0,0
1118,832,6,7,6,71,7059.082,208.483,2023-11-05,18,4.309,15,2387,183,29,2,234.0,64,0.6,6.0,0
1119,832,6,12,6,50,5369.123,232.576,2023-11-19,80,4.6471285714285715,14,2389,184,29,2,234.0,65,0.6,6.0,0
1120,832,6,16,18,57,0.0,212.534,2023-11-26,24,5.281,16,2391,185,29,2,234.0,66,0.6,18.0,0
1121,832,6,4,3,57,5529.852,206.156,2024-03-02,3,5.412,15,2393,186,29,2,234.0,67,0.6,3.0,3
1123,832,6,2,1,58,4826.843,237.418,2024-03-24,1,5.278,14,2397,187,29,3,234.0,68,0.6,1.0,1
1124,832,6,4,3,53,6884.432,222.772,2024-04-07,22,5.807,18,2399,188,29,3,234.0,69,0.6,3.0,3
1125,832,6,7,5,56,6086.537,196.7,2024-04-21,17,5.451,16,2401,189,29,3,234.0,70,0.6,5.0,0
1126,832,6,3,5,57,5466.283,214.27,2024-05-05,79,3.363,19,2403,190,29,3,234.0,71,0.6,5.0,0
1127,832,6,4,5,63,5147.577,220.299,2024-05-19,21,4.909,19,2405,191,29,3,234.0,72,0.6,5.0,0
1128,832,6,3,3,78,8603.139,0.0,2024-05-26,6,3.337,19,2407,192,29,3,234.0,73,0.6,3.0,3
1130,832,6,6,6,66,5331.255,213.463,2024-06-23,4,4.657,14,2411,194,29,3,234.0,75,0.6,6.0,0
1131,832,6,4,3,71,5067.331,224.369,2024-06-30,70,4.318,10,2413,195,29,3,234.0,76,0.6,3.0,3
1132,832,6,7,5,52,4994.377,240.195,2024-07-07,9,5.891,18,2415,196,29,3,234.0,77,0.6,5.0,0
1074,839,214,11,7,57,5873.007,200.63,2022-03-20,3,5.412,15,46,90,25,1,0.0,23,0.48,7.0,0
1075,839,214,5,6,50,5115.31,238.729,2022-03-27,77,6.174,27,48,91,25,1,0.0,24,0.48,6.0,0
1076,839,214,8,7,58,5328.231,230.399,2022-04-10,1,5.278,14,50,92,25,1,0.0,25,0.48,7.0,0
1077,839,214,16,14,62,0.0,215.814,2022-04-24,21,4.909,19,52,93,25,1,0.0,26,0.46,14.0,0
1078,839,214,20,8,57,5692.644,209.13,2022-05-08,79,3.363,19,54,94,25,1,0.0,27,0.48,8.0,0
1079,839,214,12,7,66,5915.872,195.845,2022-05-22,4,4.657,14,56,95,25,1,0.0,28,0.48,7.0,0
1080,839,214,10,12,64,7045.909,154.867,2022-05-29,6,3.337,19,58,96,25,1,0.0,29,0.5,12.0,0
1081,839,214,13,10,51,5754.125,199.551,2022-06-12,73,6.003,20,60,97,25,1,0.0,30,0.52,10.0,0
1082,839,214,7,6,70,5805.647,203.6,2022-06-19,7,4.361,14,62,98,25,1,0.0,31,0.53,6.0,0
1084,839,214,6,5,71,5132.748,223.476,2022-07-10,70,4.318,10,66,100,25,1,0.0,33,0.53,5.0,0
1085,839,214,10,8,53,5459.071,213.116,2022-07-24,34,5.842,15,68,101,25,1,0.0,34,0.54,8.0,0
1086,839,214,5,9,69,0.0,187.424,2022-07-31,11,4.381,14,70,102,25,1,0.0,35,0.53,9.0,0
1087,839,214,16,7,44,5228.534,225.698,2022-08-28,13,7.004,19,72,103,25,1,0.0,36,0.54,7.0,0
1088,839,214,12,9,72,5823.89,204.203,2022-09-04,39,4.259,14,74,104,25,1,0.0,37,0.55,9.0,0
1089,839,214,14,11,53,4835.834,240.837,2022-09-11,14,5.793,11,76,105,26,1,0.0,38,0.55,11.0,0
1092,839,214,5,4,28,10943.689,196.184,2022-10-09,22,5.807,18,80,107,26,1,0.0,40,0.55,4.0,0
1093,839,214,0,11,56,6204.562,193.827,2022-10-23,69,3.426,20,82,108,26,1,0.0,41,0.56,11.0,0
1094,839,214,10,8,70,0.0,186.054,2022-10-30,32,4.304,17,84,109,26,1,0.0,42,0.55,8.0,0
1095,839,214,16,8,71,5932.734,206.575,2022-11-13,18,4.309,15,86,110,26,1,0.0,43,0.56,8.0,0
1096,839,214,8,7,58,5323.154,212.817,2022-11-20,24,5.281,16,88,111,26,1,0.0,44,0.56,7.0,0
1099,839,214,6,8,50,4927.726,238.424,2023-03-19,77,6.174,27,92,113,26,1,0.0,46,0.57,8.0,0
1100,839,214,11,14,56,0.0,233.991,2023-04-02,1,5.278,14,94,114,26,1,0.0,47,0.55,14.0,0
1101,839,214,0,15,51,5660.23,204.052,2023-04-30,73,6.003,20,96,115,26,1,0.0,48,0.56,15.0,0
1102,839,214,8,9,57,5316.364,213.765,2023-05-07,79,3.363,19,98,116,26,1,0.0,49,0.57,9.0,0
1104,839,214,3,3,78,6568.97,156.977,2023-05-28,6,3.337,19,100,117,26,1,0.0,50,0.58,3.0,3
1105,839,214,6,8,66,5347.182,212.362,2023-06-04,4,4.657,14,102,118,26,1,0.0,51,0.59,8.0,0
1106,839,214,6,8,70,5700.04,204.469,2023-06-18,7,4.361,14,104,119,26,1,0.0,52,0.6,8.0,0
1107,839,214,12,14,70,0.0,222.714,2023-07-02,70,4.318,10,106,120,26,1,0.0,53,0.59,14.0,0
1110,839,214,14,8,44,5025.169,228.31,2023-07-30,13,7.004,19,112,123,26,1,0.0,56,0.58,8.0,0
1111,839,214,16,10,72,8662.757,205.61,2023-08-27,39,4.259,14,114,124,26,1,0.0,57,0.59,10.0,0
1114,839,214,14,9,53,5538.099,214.636,2023-09-24,22,5.807,18,120,127,27,1,0.0,60,0.59,9.0,0
1115,839,214,8,7,57,5321.558,225.661,2023-10-08,78,5.419,16,122,128,27,1,0.0,61,0.6,7.0,0
1117,839,214,15,10,71,7413.693,186.733,2023-10-29,32,4.304,17,126,130,27,1,0.0,63,0.6,10.0,0
1118,839,214,14,10,70,0.0,209.045,2023-11-05,18,4.309,15,128,131,27,1,0.0,64,0.6,10.0,0
1119,839,214,16,4,50,5366.954,231.004,2023-11-19,80,4.6471285714285715,14,130,132,27,1,0.0,65,0.61,4.0,0
1120,839,214,12,12,58,5288.997,211.162,2023-11-26,24,5.281,16,132,133,27,1,0.0,66,0.61,12.0,0
1121,839,214,19,17,56,0.0,202.473,2024-03-02,3,5.412,15,134,134,27,1,0.0,67,0.6,17.0,0
1122,839,214,17,13,49,0.0,237.763,2024-03-09,77,6.174,27,136,135,27,1,0.0,68,0.6,13.0,0
1123,839,214,15,16,57,0.0,233.557,2024-03-24,1,5.278,14,138,136,27,1,0.0,69,0.59,16.0,0
1124,839,214,15,15,52,0.0,217.237,2024-04-07,22,5.807,18,140,137,27,1,0.0,70,0.58,15.0,0
1125,839,214,13,11,56,6115.366,194.414,2024-04-21,17,5.451,16,142,138,27,1,0.0,71,0.58,11.0,0
1126,839,214,13,10,57,5489.622,211.688,2024-05-05,79,3.363,19,144,139,27,1,0.0,72,0.59,10.0,0
1127,839,214,12,14,62,0.0,217.361,2024-05-19,21,4.909,19,146,140,27,1,0.0,73,0.58,14.0,0
1129,839,214,18,10,70,6378.24,203.859,2024-06-09,7,4.361,14,150,142,27,1,0.0,75,0.58,10.0,0
1130,839,214,8,10,66,5372.116,212.266,2024-06-23,4,4.657,14,152,143,27,1,0.0,76,0.59,10.0,0
1131,839,214,10,12,71,5131.123,223.187,2024-06-30,70,4.318,10,154,144,27,1,0.0,77,0.59,12.0,0
1132,839,214,18,16,50,0.0,233.371,2024-07-07,9,5.891,18,156,145,27,1,0.0,78,0.59,16.0,0
1074,840,117,19,12,57,5899.457,200.555,2022-03-20,3,5.412,15,57,101,23,0,0.0,23,0.44,12.0,0
1075,840,117,13,13,49,0.0,235.334,2022-03-27,77,6.174,27,59,102,23,0,0.0,24,0.44,13.0,0
1076,840,117,19,12,58,5355.146,227.304,2022-04-10,1,5.278,14,61,103,23,0,0.0,25,0.44,12.0,0
1077,840,117,15,10,62,0.0,216.176,2022-04-24,21,4.909,19,63,104,23,0,0.0,26,0.44,10.0,0
1078,840,117,0,10,57,5701.284,208.796,2022-05-08,79,3.363,19,65,105,23,0,0.0,27,0.45,10.0,0
1079,840,117,17,15,65,0.0,193.724,2022-05-22,4,4.657,14,67,106,23,0,0.0,28,0.43,15.0,0
1080,840,117,18,14,64,7051.067,154.665,2022-05-29,6,3.337,19,69,107,23,0,0.0,29,0.45,14.0,0
1081,840,117,19,16,46,0.0,200.029,2022-06-12,73,6.003,20,71,108,23,0,0.0,30,0.45,16.0,0
1082,840,117,17,10,70,5819.979,202.782,2022-06-19,7,4.361,14,73,109,23,0,0.0,31,0.47,10.0,0
1083,840,117,20,11,52,8296.458,229.571,2022-07-03,9,5.891,18,75,110,23,0,0.0,32,0.48,11.0,0
1084,840,117,12,13,70,0.0,221.916,2022-07-10,70,4.318,10,77,111,23,0,0.0,33,0.47,13.0,0
1085,840,117,15,10,53,5464.661,212.04,2022-07-24,34,5.842,15,79,112,23,0,0.0,34,0.48,10.0,0
1086,840,117,14,11,69,0.0,191.317,2022-07-31,11,4.381,14,81,113,23,0,0.0,35,0.47,11.0,0
1087,840,117,9,11,44,5255.972,223.373,2022-08-28,13,7.004,19,83,114,23,0,0.0,36,0.48,11.0,0
1088,840,117,10,10,72,5825.232,204.314,2022-09-04,39,4.259,14,85,115,23,0,0.0,37,0.49,10.0,0
1091,840,117,11,6,59,7396.568,165.272,2022-10-02,15,4.94,19,89,117,23,0,0.0,39,0.49,6.0,0
1092,840,117,19,12,28,10977.908,198.709,2022-10-09,22,5.807,18,91,118,23,0,0.0,40,0.51,12.0,0
1094,840,117,20,15,70,0.0,187.895,2022-10-30,32,4.304,17,95,120,24,0,0.0,42,0.49,15.0,0
1095,840,117,15,10,71,5937.596,207.299,2022-11-13,18,4.309,15,97,121,24,0,0.0,43,0.51,10.0,0
1096,840,117,14,8,58,5342.845,212.135,2022-11-20,24,5.281,16,99,122,24,0,0.0,44,0.52,8.0,0
1098,840,117,8,6,57,5691.238,201.802,2023-03-05,3,5.412,15,101,123,24,0,0.0,45,0.52,6.0,0
1100,840,117,6,4,58,9161.453,234.769,2023-04-02,1,5.278,14,105,125,24,0,0.0,47,0.53,4.0,0
1101,840,117,9,7,51,5614.053,204.595,2023-04-30,73,6.003,20,107,126,24,0,0.0,48,0.54,7.0,0
1102,840,117,18,12,57,5322.995,214.426,2023-05-07,79,3.363,19,109,127,24,0,0.0,49,0.55,12.0,0
1105,840,117,5,6,66,5341.26,212.967,2023-06-04,4,4.657,14,113,129,24,0,0.0,51,0.56,6.0,0
1106,840,117,16,9,70,5702.75,205.051,2023-06-18,7,4.361,14,115,130,24,0,0.0,52,0.57,9.0,0
1107,840,117,6,9,71,5192.65,227.054,2023-07-02,70,4.318,10,117,131,24,0,0.0,53,0.57,9.0,0
1108,840,117,12,14,52,5144.421,231.756,2023-07-09,9,5.891,18,119,132,24,0,0.0,54,0.58,14.0,0
1109,840,117,14,10,69,0.0,189.051,2023-07-23,11,4.381,14,121,133,24,0,0.0,55,0.58,10.0,0
1110,840,117,10,9,44,5029.79,226.55,2023-07-30,13,7.004,19,123,134,24,0,0.0,56,0.59,9.0,0
1111,840,117,11,11,72,8664.498,203.966,2023-08-27,39,4.259,14,125,135,24,0,0.0,57,0.59,11.0,0
1112,840,117,20,16,51,4508.409,240.77,2023-09-03,14,5.793,11,127,136,24,0,0.0,58,0.6,16.0,0
1115,840,117,16,11,57,5340.82,225.917,2023-10-08,78,5.419,16,133,139,24,0,0.0,61,0.6,11.0,0
1116,840,117,0,7,56,5770.058,198.65,2023-10-22,69,3.426,20,135,140,24,0,0.0,62,0.6,7.0,0
1117,840,117,0,17,66,0.0,186.103,2023-10-29,32,4.304,17,137,141,25,0,0.0,63,0.59,17.0,0
1118,840,117,3,5,71,7049.739,209.607,2023-11-05,18,4.309,15,139,142,25,0,0.0,64,0.6,5.0,0
1119,840,117,19,5,50,5368.356,231.131,2023-11-19,80,4.6471285714285715,14,141,143,25,0,0.0,65,0.6,5.0,0
1120,840,117,13,10,58,5278.256,215.918,2023-11-26,24,5.281,16,143,144,25,0,0.0,66,0.61,10.0,0
1121,840,117,12,10,57,5597.958,203.73,2024-03-02,3,5.412,15,145,145,25,0,0.0,67,0.61,10.0,0
1123,840,117,9,6,58,4920.065,234.78,2024-03-24,1,5.278,14,149,147,25,0,0.0,69,0.62,6.0,0
1124,840,117,16,12,52,0.0,218.221,2024-04-07,22,5.807,18,151,148,25,0,0.0,70,0.62,12.0,0
1125,840,117,11,15,56,6135.34,197.333,2024-04-21,17,5.451,16,153,149,25,0,0.0,71,0.62,15.0,0
1126,840,117,11,17,57,5505.049,212.726,2024-05-05,79,3.363,19,155,150,25,0,0.0,72,0.63,17.0,0
1127,840,117,13,9,63,5204.808,219.342,2024-05-19,21,4.909,19,157,151,25,0,0.0,73,0.62,9.0,0
1128,840,117,13,14,76,0.0,0.0,2024-05-26,6,3.337,19,159,152,25,0,0.0,74,0.63,14.0,0
1129,840,117,9,7,70,6371.552,204.523,2024-06-09,7,4.361,14,161,153,25,0,0.0,75,0.63,7.0,0
1130,840,117,14,14,65,0.0,211.366,2024-06-23,4,4.657,14,163,154,25,0,0.0,76,0.63,14.0,0
1131,840,117,17,13,70,0.0,221.615,2024-06-30,70,4.318,10,165,155,25,0,0.0,77,0.62,13.0,0
1132,840,117,8,7,52,5003.628,235.909,2024-07-07,9,5.891,18,167,156,25,0,0.0,78,0.62,7.0,0
1075,842,213,9,8,50,5122.239,237.796,2022-03-27,77,6.174,27,82,88,26,1,0.0,41,0.5,8.0,0
1076,842,213,11,9,58,5342.769,229.669,2022-04-10,1,5.278,14,84,89,26,1,0.0,42,0.5,9.0,0
1077,842,213,17,12,62,0.0,216.274,2022-04-24,21,4.909,19,86,90,26,1,0.0,43,0.5,12.0,0
1079,842,213,14,13,65,0.0,193.477,2022-05-22,4,4.657,14,90,92,26,1,0.0,45,0.49,13.0,0
1080,842,213,17,11,64,7044.554,155.321,2022-05-29,6,3.337,19,92,93,26,1,0.0,46,0.49,11.0,0
1081,842,213,6,5,51,5723.24,199.143,2022-06-12,73,6.003,20,94,94,26,1,0.0,47,0.49,5.0,0
1082,842,213,15,14,70,5826.94,201.768,2022-06-19,7,4.361,14,96,95,26,1,0.0,48,0.49,14.0,0
1084,842,213,14,15,70,0.0,221.739,2022-07-10,70,4.318,10,100,97,26,1,0.0,50,0.48,15.0,0
1085,842,213,14,12,53,5467.56,212.896,2022-07-24,34,5.842,15,102,98,26,1,0.0,51,0.48,12.0,0
1086,842,213,0,12,69,0.0,189.564,2022-07-31,11,4.381,14,104,99,26,1,0.0,52,0.48,12.0,0
1087,842,213,0,9,44,5245.075,223.132,2022-08-28,13,7.004,19,106,100,26,1,0.0,53,0.49,9.0,0
1088,842,213,11,11,72,5829.782,203.983,2022-09-04,39,4.259,14,108,101,26,1,0.0,54,0.49,11.0,0
1089,842,213,5,8,53,4833.907,240.489,2022-09-11,14,5.793,11,110,102,26,1,0.0,55,0.49,8.0,0
1091,842,213,7,10,59,7409.814,164.845,2022-10-02,15,4.94,19,112,103,26,1,0.0,56,0.49,10.0,0
1092,842,213,17,18,28,11012.095,196.21,2022-10-09,22,5.807,18,114,104,26,1,0.0,57,0.5,18.0,0
1093,842,213,11,14,56,6213.45,193.967,2022-10-23,69,3.426,20,116,105,26,1,0.0,58,0.51,14.0,0
1094,842,213,14,11,70,0.0,188.319,2022-10-30,32,4.304,17,118,106,26,1,0.0,59,0.5,11.0,0
1095,842,213,10,14,71,5945.911,205.934,2022-11-13,18,4.309,15,120,107,26,1,0.0,60,0.5,14.0,0
1096,842,213,17,14,57,0.0,208.732,2022-11-20,24,5.281,16,122,108,26,1,0.0,61,0.5,14.0,0
1098,842,214,20,9,57,5710.489,204.939,2023-03-05,3,5.412,15,90,109,27,1,0.0,1,0.56,9.0,0
1099,842,214,9,9,50,4929.641,237.99,2023-03-19,77,6.174,27,92,110,27,1,0.0,2,0.57,9.0,0
1100,842,214,9,13,56,0.0,234.592,2023-04-02,1,5.278,14,94,111,27,1,0.0,3,0.55,13.0,0
1101,842,214,17,14,51,5653.768,204.764,2023-04-30,73,6.003,20,96,112,27,1,0.0,4,0.56,14.0,0
1102,842,214,5,8,57,5313.911,211.84,2023-05-07,79,3.363,19,98,113,27,1,0.0,5,0.57,8.0,0
1104,842,214,7,7,78,6594.342,158.42,2023-05-28,6,3.337,19,100,114,27,1,0.0,6,0.58,7.0,0
1105,842,214,10,10,66,5351.47,213.91,2023-06-04,4,4.657,14,102,115,27,1,0.0,7,0.59,10.0,0
1106,842,214,15,12,70,5703.597,205.424,2023-06-18,7,4.361,14,104,116,27,1,0.0,8,0.6,12.0,0
1107,842,214,9,10,71,5201.274,225.136,2023-07-02,70,4.318,10,106,117,27,1,0.0,9,0.59,10.0,0
1108,842,214,10,18,46,0.0,231.678,2023-07-09,9,5.891,18,108,118,27,1,0.0,10,0.58,18.0,0
1110,842,214,12,11,44,5033.534,227.339,2023-07-30,13,7.004,19,112,120,27,1,0.0,12,0.58,11.0,0
1111,842,214,12,3,72,8651.469,205.967,2023-08-27,39,4.259,14,114,121,27,1,0.0,13,0.59,3.0,3
1112,842,214,17,15,51,4503.653,243.181,2023-09-03,14,5.793,11,116,122,27,1,0.0,14,0.59,15.0,0
1113,842,214,12,6,62,6435.859,180.957,2023-09-17,15,4.94,19,118,123,27,1,0.0,15,0.58,6.0,0
1114,842,214,12,10,53,5541.576,216.924,2023-09-24,22,5.807,18,120,124,27,1,0.0,16,0.59,10.0,0
1115,842,214,7,12,57,5341.468,226.027,2023-10-08,78,5.419,16,122,125,27,1,0.0,17,0.6,12.0,0
1116,842,214,7,6,56,5769.358,197.653,2023-10-22,69,3.426,20,124,126,27,1,0.0,18,0.6,6.0,0
1117,842,214,11,11,71,7417.022,186.163,2023-10-29,32,4.304,17,126,127,27,1,0.0,19,0.6,11.0,0
1118,842,214,15,7,71,7064.987,208.161,2023-11-05,18,4.309,15,128,128,27,1,0.0,20,0.6,7.0,0
1119,842,214,4,11,50,5382.559,230.346,2023-11-19,80,4.6471285714285715,14,130,129,27,1,0.0,21,0.61,11.0,0
1120,842,214,10,13,58,5292.984,213.575,2023-11-26,24,5.281,16,132,130,27,1,0.0,22,0.61,13.0,0
1121,842,214,20,18,56,0.0,205.508,2024-03-02,3,5.412,15,134,131,28,1,0.0,23,0.6,18.0,0
1123,842,214,17,13,57,0.0,234.317,2024-03-24,1,5.278,14,138,133,28,1,0.0,25,0.59,13.0,0
1124,842,214,17,16,52,0.0,216.315,2024-04-07,22,5.807,18,140,134,28,1,0.0,26,0.58,16.0,0
1125,842,214,15,13,56,6121.777,197.822,2024-04-21,17,5.451,16,142,135,28,1,0.0,27,0.58,13.0,0
1126,842,214,12,12,57,5494.834,211.647,2024-05-05,79,3.363,19,144,136,28,1,0.0,28,0.59,12.0,0
1127,842,214,15,16,62,0.0,217.183,2024-05-19,21,4.909,19,146,137,28,1,0.0,29,0.58,16.0,0
1128,842,214,10,10,77,0.0,0.0,2024-05-26,6,3.337,19,148,138,28,1,0.0,30,0.57,10.0,0
1129,842,214,15,9,70,6377.948,203.856,2024-06-09,7,4.361,14,150,139,28,1,0.0,31,0.58,9.0,0
1130,842,214,7,9,66,5362.252,212.096,2024-06-23,4,4.657,14,152,140,28,1,0.0,32,0.59,9.0,0
1131,842,214,13,10,71,5124.564,223.315,2024-06-30,70,4.318,10,154,141,28,1,0.0,33,0.59,10.0,0
1074,844,6,1,1,57,5853.584,206.018,2022-03-20,3,5.412,15,2305,82,24,3,230.0,61,0.59,1.0,1
1075,844,6,2,2,50,5059.842,242.556,2022-03-27,77,6.174,27,2307,83,24,3,231.0,62,0.59,2.0,2
1076,844,6,1,1,58,5266.548,236.74,2022-04-10,1,5.278,14,2309,84,24,4,232.0,63,0.59,1.0,1
1077,844,6,2,6,63,5584.058,224.914,2022-04-24,21,4.909,19,2311,85,24,4,233.0,64,0.59,6.0,0
1078,844,6,1,2,57,5668.044,212.959,2022-05-08,79,3.363,19,2313,86,24,4,234.0,65,0.59,2.0,2
1080,844,6,1,4,64,6993.187,157.552,2022-05-29,6,3.337,19,2317,88,24,4,234.0,67,0.59,4.0,0
1082,844,6,19,5,70,5796.925,206.843,2022-06-19,7,4.361,14,2321,90,24,4,234.0,69,0.59,5.0,0
1083,844,6,3,4,52,8278.857,232.33,2022-07-03,9,5.891,18,2323,91,24,4,234.0,70,0.59,4.0,0
1084,844,6,2,1,71,5064.312,230.01,2022-07-10,70,4.318,10,2325,92,24,5,234.0,71,0.59,1.0,1
1086,844,6,3,6,70,5991.959,193.227,2022-07-31,11,4.381,14,2329,94,24,5,234.0,73,0.59,6.0,0
1087,844,6,15,6,44,5227.83,229.255,2022-08-28,13,7.004,19,2331,95,24,5,234.0,74,0.59,6.0,0
1088,844,6,2,3,72,5813.702,206.044,2022-09-04,39,4.259,14,2333,96,24,5,234.0,75,0.59,3.0,3
1089,844,6,1,2,53,4829.957,247.282,2022-09-11,14,5.793,11,2335,97,24,5,234.0,76,0.59,2.0,2
1091,844,6,1,2,59,7342.833,167.598,2022-10-02,15,4.94,19,2337,98,24,5,234.0,77,0.59,2.0,2
1092,844,6,2,3,28,10935.767,200.07,2022-10-09,22,5.807,18,2339,99,24,5,234.0,78,0.59,3.0,3
1093,844,6,12,3,56,6139.188,199.003,2022-10-23,69,3.426,20,2341,100,25,5,234.0,79,0.59,3.0,3
1094,844,6,7,6,71,5985.503,187.576,2022-10-30,32,4.304,17,2343,101,25,5,234.0,80,0.59,6.0,0
1095,844,6,5,4,71,5922.485,208.912,2022-11-13,18,4.309,15,2345,102,25,5,234.0,81,0.59,4.0,0
1096,844,6,3,2,58,5274.685,211.901,2022-11-20,24,5.281,16,2347,103,25,5,234.0,82,0.59,2.0,2
1099,844,6,12,7,50,4918.056,238.849,2023-03-19,77,6.174,27,2351,105,25,5,234.0,84,0.59,7.0,0
1101,844,6,1,3,51,5583.653,206.681,2023-04-30,73,6.003,20,2355,107,25,5,234.0,86,0.59,3.0,3
1102,844,6,7,7,57,5311.229,213.084,2023-05-07,79,3.363,19,2357,108,25,5,234.0,87,0.59,7.0,0
1104,844,6,6,6,78,6593.87,158.541,2023-05-28,6,3.337,19,2359,109,25,5,234.0,88,0.59,6.0,0
1105,844,6,19,11,66,5352.359,213.959,2023-06-04,4,4.657,14,2361,110,25,5,234.0,89,0.59,11.0,0
1106,844,6,10,4,70,5656.996,206.826,2023-06-18,7,4.361,14,2363,111,25,5,234.0,90,0.59,4.0,0
1107,844,6,2,2,71,5138.762,225.876,2023-07-02,70,4.318,10,2365,112,25,5,234.0,91,0.59,2.0,2
1108,844,6,4,9,52,5135.627,232.399,2023-07-09,9,5.891,18,2367,113,25,5,234.0,92,0.6,9.0,0
1109,844,6,6,7,70,5958.951,191.242,2023-07-23,11,4.381,14,2369,114,25,5,234.0,93,0.6,7.0,0
1110,844,6,1,3,44,4982.709,228.316,2023-07-30,13,7.004,19,2371,115,25,5,234.0,94,0.6,3.0,3
1112,844,6,3,4,51,4432.52,243.687,2023-09-03,14,5.793,11,2375,117,25,5,234.0,96,0.6,4.0,0
1113,844,6,3,4,62,6418.595,180.961,2023-09-17,15,4.94,19,2377,118,25,5,234.0,97,0.6,4.0,0
1114,844,6,4,4,53,5502.419,216.944,2023-09-24,22,5.807,18,2379,119,25,5,234.0,98,0.6,4.0,0
1115,844,6,5,5,57,5298.144,229.532,2023-10-08,78,5.419,16,2381,120,25,5,234.0,99,0.6,5.0,0
1117,844,6,1,3,71,7373.938,188.194,2023-10-29,32,4.304,17,2385,122,26,5,234.0,101,0.6,3.0,3
1119,844,6,1,2,50,5350.359,233.342,2023-11-19,80,4.6471285714285715,14,2389,124,26,5,234.0,103,0.6,2.0,2
1120,844,6,2,2,58,5240.617,215.553,2023-11-26,24,5.281,16,2391,125,26,5,234.0,104,0.6,2.0,2
1121,844,6,2,4,57,5544.411,207.069,2024-03-02,3,5.412,15,2393,126,26,5,234.0,105,0.6,4.0,0
1122,844,6,2,3,50,4861.912,242.561,2024-03-09,77,6.174,27,2395,127,26,5,234.0,106,0.6,3.0,3
1123,844,6,4,2,58,4829.209,238.066,2024-03-24,1,5.278,14,2397,128,26,5,234.0,107,0.6,2.0,2
1124,844,6,8,4,53,6890.088,219.952,2024-04-07,22,5.807,18,2399,129,26,5,234.0,108,0.6,4.0,0
1125,844,6,6,4,56,6076.177,197.452,2024-04-21,17,5.451,16,2401,130,26,5,234.0,109,0.6,4.0,0
1126,844,6,2,3,57,5459.796,213.903,2024-05-05,79,3.363,19,2403,131,26,5,234.0,110,0.6,3.0,3
1127,844,6,3,3,63,5133.168,221.084,2024-05-19,21,4.909,19,2405,132,26,5,234.0,111,0.6,3.0,3
1128,844,6,1,1,78,8595.554,0.0,2024-05-26,6,3.337,19,2407,133,26,6,234.0,112,0.6,1.0,1
1130,844,6,5,5,66,5322.936,215.222,2024-06-23,4,4.657,14,2411,135,26,6,234.0,114,0.6,5.0,0
1131,844,6,6,11,71,5129.854,223.396,2024-06-30,70,4.318,10,2413,136,26,6,234.0,115,0.6,11.0,0
1132,844,6,11,14,51,0.0,236.301,2024-07-07,9,5.891,18,2415,137,26,6,234.0,116,0.6,14.0,0
1074,846,1,13,15,57,5909.919,200.882,2022-03-20,3,5.412,15,1789,61,22,0,165.0,61,0.53,15.0,0
1075,846,1,11,7,50,5115.417,239.629,2022-03-27,77,6.174,27,1791,62,22,0,165.0,62,0.53,7.0,0
1076,846,1,4,5,58,5319.851,231.018,2022-04-10,1,5.278,14,1793,63,22,0,165.0,63,0.53,5.0,0
1077,846,1,5,3,63,5562.82,218.439,2022-04-24,21,4.909,19,1795,64,22,0,165.0,64,0.53,3.0,3
1079,846,1,11,8,66,5923.71,196.568,2022-05-22,4,4.657,14,1799,66,22,0,165.0,66,0.53,8.0,0
1080,846,1,5,6,64,7002.496,160.834,2022-05-29,6,3.337,19,1801,67,22,0,165.0,67,0.53,6.0,0
1081,846,1,11,9,51,5738.497,200.105,2022-06-12,73,6.003,20,1803,68,22,0,165.0,68,0.53,9.0,0
1082,846,1,14,15,70,5833.902,202.588,2022-06-19,7,4.361,14,1805,69,22,0,165.0,69,0.53,15.0,0
1083,846,1,6,6,52,8282.254,231.41,2022-07-03,9,5.891,18,1807,70,22,0,165.0,70,0.53,6.0,0
1084,846,1,10,7,70,0.0,224.298,2022-07-10,70,4.318,10,1809,71,22,0,165.0,71,0.53,7.0,0
1085,846,1,5,7,53,5454.138,212.356,2022-07-24,34,5.842,15,1811,72,22,0,165.0,72,0.53,7.0,0
1086,846,1,4,7,70,6054.212,189.92,2022-07-31,11,4.381,14,1813,73,22,0,165.0,73,0.53,7.0,0
1087,846,1,17,12,44,5257.633,225.777,2022-08-28,13,7.004,19,1815,74,22,0,165.0,74,0.53,12.0,0
1088,846,1,7,7,72,5822.079,205.236,2022-09-04,39,4.259,14,1817,75,22,0,165.0,75,0.53,7.0,0
1089,846,1,3,7,53,4833.718,246.167,2022-09-11,14,5.793,11,1819,76,22,0,165.0,76,0.53,7.0,0
1091,846,1,6,4,59,7361.371,166.893,2022-10-02,15,4.94,19,1821,77,22,0,165.0,77,0.54,4.0,0
1092,846,1,10,10,28,10974.786,193.253,2022-10-09,22,5.807,18,1823,78,22,0,165.0,78,0.54,10.0,0
1093,846,1,6,6,56,6185.472,195.878,2022-10-23,69,3.426,20,1825,79,22,0,165.0,79,0.54,6.0,0
1094,846,1,8,9,70,0.0,185.779,2022-10-30,32,4.304,17,1827,80,22,0,165.0,80,0.54,9.0,0
1096,846,1,7,6,58,5322.148,215.085,2022-11-20,24,5.281,16,1831,82,23,0,165.0,82,0.54,6.0,0
1098,846,1,11,17,55,0.0,203.327,2023-03-05,3,5.412,15,1833,83,23,0,165.0,83,0.54,17.0,0
1099,846,1,19,17,50,4961.339,236.144,2023-03-19,77,6.174,27,1835,84,23,0,165.0,84,0.54,17.0,0
1100,846,1,13,6,58,9162.072,234.077,2023-04-02,1,5.278,14,1837,85,23,0,165.0,85,0.54,6.0,0
1101,846,1,7,9,51,5642.812,204.38,2023-04-30,73,6.003,20,1839,86,23,0,165.0,86,0.54,9.0,0
1102,846,1,16,17,57,5345.958,210.854,2023-05-07,79,3.363,19,1841,87,23,0,165.0,87,0.54,17.0,0
1104,846,1,10,9,77,0.0,154.324,2023-05-28,6,3.337,19,1843,88,23,0,165.0,88,0.54,9.0,0
1105,846,1,3,17,65,0.0,217.216,2023-06-04,4,4.657,14,1845,89,23,0,165.0,89,0.54,17.0,0
1106,846,1,7,13,70,5706.711,205.562,2023-06-18,7,4.361,14,1847,90,23,0,165.0,90,0.54,13.0,0
1107,846,1,4,4,71,5159.934,226.142,2023-07-02,70,4.318,10,1849,91,23,0,165.0,91,0.54,4.0,0
1108,846,1,2,2,52,5120.736,234.226,2023-07-09,9,5.891,18,1851,92,23,0,165.0,92,0.54,2.0,2
1109,846,1,3,2,70,5922.365,191.919,2023-07-23,11,4.381,14,1853,93,23,0,165.0,93,0.54,2.0,2
1110,846,1,7,7,44,5024.169,225.769,2023-07-30,13,7.004,19,1855,94,23,0,165.0,94,0.54,7.0,0
1111,846,1,2,7,72,8657.643,206.108,2023-08-27,39,4.259,14,1857,95,23,0,165.0,95,0.54,7.0,0
1112,846,1,9,8,51,4466.592,242.092,2023-09-03,14,5.793,11,1859,96,23,0,165.0,96,0.54,8.0,0
1113,846,1,4,2,62,6398.23,181.384,2023-09-17,15,4.94,19,1861,97,23,0,165.0,97,0.54,2.0,2
1114,846,1,3,2,53,5477.808,219.484,2023-09-24,22,5.807,18,1863,98,23,0,165.0,98,0.54,2.0,2
1115,846,1,10,3,57,5265.137,229.938,2023-10-08,78,5.419,16,1865,99,23,0,165.0,99,0.54,3.0,3
1116,846,1,2,2,56,5732.092,198.497,2023-10-22,69,3.426,20,1867,100,23,0,165.0,100,0.54,2.0,2
1117,846,1,17,5,71,7384.08,189.085,2023-10-29,32,4.304,17,1869,101,23,0,165.0,101,0.54,5.0,0
1118,846,1,6,2,71,7017.171,214.005,2023-11-05,18,4.309,15,1871,102,23,0,165.0,102,0.54,2.0,2
1120,846,1,5,5,58,5246.908,215.639,2023-11-26,24,5.281,16,1875,104,24,0,165.0,104,0.54,5.0,0
1121,846,1,7,6,57,5553.2,206.223,2024-03-02,3,5.412,15,1877,105,24,0,165.0,105,0.54,6.0,0
1122,846,1,6,8,50,4888.981,241.738,2024-03-09,77,6.174,27,1879,106,24,0,165.0,106,0.54,8.0,0
1123,846,1,3,3,58,4832.747,237.762,2024-03-24,1,5.278,14,1881,107,24,0,165.0,107,0.54,3.0,3
1124,846,1,3,5,53,6893.266,219.624,2024-04-07,22,5.807,18,1883,108,24,0,165.0,108,0.54,5.0,0
1125,846,1,4,2,56,6066.327,198.717,2024-04-21,17,5.451,16,1885,109,24,0,165.0,109,0.54,2.0,2
1126,846,1,5,1,57,5449.876,214.148,2024-05-05,79,3.363,19,1887,110,24,1,165.0,110,0.54,1.0,1
1127,846,1,2,2,63,5125.977,220.921,2024-05-19,21,4.909,19,1889,111,24,1,165.0,111,0.54,2.0,2
1128,846,1,4,4,78,8604.204,0.0,2024-05-26,6,3.337,19,1891,112,24,1,165.0,112,0.55,4.0,0
1129,846,1,3,2,70,6351.806,207.782,2024-06-09,7,4.361,14,1893,113,24,1,165.0,113,0.55,2.0,2
1130,846,1,1,2,66,5302.446,217.405,2024-06-23,4,4.657,14,1895,114,24,1,165.0,114,0.55,2.0,2
1131,846,1,2,20,64,0.0,228.546,2024-06-30,70,4.318,10,1897,115,24,1,165.0,115,0.55,20.0,0
1132,846,1,3,3,52,4954.606,237.588,2024-07-07,9,5.891,18,1899,116,24,1,165.0,116,0.55,3.0,3
1074,847,131,9,4,57,5864.795,202.313,2022-03-20,3,5.412,15,518,61,24,0,145.0,2,0.82,4.0,0
1075,847,131,6,5,50,5092.025,239.454,2022-03-27,77,6.174,27,520,62,24,0,145.0,3,0.82,5.0,0
1076,847,131,6,3,58,5292.141,233.152,2022-04-10,1,5.278,14,522,63,24,0,145.0,4,0.83,3.0,3
1077,847,131,11,4,63,5570.492,218.28,2022-04-24,21,4.909,19,524,64,24,0,145.0,5,0.82,4.0,0
1078,847,131,12,5,57,5682.84,211.325,2022-05-08,79,3.363,19,526,65,24,0,145.0,6,0.83,5.0,0
1079,847,131,4,3,66,5873.402,198.851,2022-05-22,4,4.657,14,528,66,24,0,145.0,7,0.83,3.0,3
1080,847,131,6,5,64,7002.233,156.36,2022-05-29,6,3.337,19,530,67,24,0,145.0,8,0.83,5.0,0
1081,847,131,5,3,51,5691.936,201.636,2022-06-12,73,6.003,20,532,68,24,0,145.0,9,0.83,3.0,3
1082,847,131,8,4,70,5794.07,205.443,2022-06-19,7,4.361,14,534,69,24,0,145.0,10,0.83,4.0,0
1084,847,131,4,4,71,5123.284,225.042,2022-07-10,70,4.318,10,538,71,24,0,145.0,12,0.83,4.0,0
1085,847,131,6,3,53,5418.607,215.598,2022-07-24,34,5.842,15,540,72,24,0,145.0,13,0.83,3.0,3
1086,847,131,1,3,70,5988.249,190.556,2022-07-31,11,4.381,14,542,73,24,0,145.0,14,0.83,3.0,3
1087,847,131,5,4,44,5182.034,227.581,2022-08-28,13,7.004,19,544,74,24,0,145.0,15,0.83,4.0,0
1088,847,131,6,2,72,5806.844,208.119,2022-09-04,39,4.259,14,546,75,24,0,145.0,16,0.83,2.0,2
1089,847,131,2,3,53,4830.916,244.522,2022-09-11,14,5.793,11,548,76,24,0,145.0,17,0.83,3.0,3
1091,847,131,0,14,57,0.0,171.211,2022-10-02,15,4.94,19,550,77,24,0,145.0,18,0.83,14.0,0
1092,847,131,8,8,28,10951.665,195.368,2022-10-09,22,5.807,18,552,78,24,0,145.0,19,0.83,8.0,0
1093,847,131,4,5,56,6176.502,200.902,2022-10-23,69,3.426,20,554,79,24,0,145.0,20,0.83,5.0,0
1094,847,131,2,4,71,5966.16,193.31,2022-10-30,32,4.304,17,556,80,24,0,145.0,21,0.83,4.0,0
1095,847,131,1,1,71,5914.044,210.237,2022-11-13,18,4.309,15,558,81,24,1,145.0,22,0.83,1.0,1
1096,847,131,6,5,58,5301.802,214.007,2022-11-20,24,5.281,16,560,82,24,1,145.0,23,0.83,5.0,0
1098,847,131,6,7,57,5692.609,200.401,2023-03-05,3,5.412,15,562,83,25,1,145.0,24,0.83,7.0,0
1099,847,131,3,4,50,4900.76,240.459,2023-03-19,77,6.174,27,564,84,25,1,145.0,25,0.83,4.0,0
1101,847,131,11,8,51,5636.676,209.062,2023-04-30,73,6.003,20,568,86,25,1,145.0,27,0.83,8.0,0
1102,847,131,6,4,57,5291.47,214.065,2023-05-07,79,3.363,19,570,87,25,1,145.0,28,0.83,4.0,0
1104,847,131,8,5,78,6588.264,156.425,2023-05-28,6,3.337,19,572,88,25,1,145.0,29,0.83,5.0,0
1105,847,131,12,3,66,5310.329,215.283,2023-06-04,4,4.657,14,574,89,25,1,145.0,30,0.83,3.0,3
1107,847,131,11,7,71,5182.01,224.366,2023-07-02,70,4.318,10,578,91,25,1,145.0,32,0.83,7.0,0
1108,847,131,6,5,52,5128.144,232.733,2023-07-09,9,5.891,18,580,92,25,1,145.0,33,0.83,5.0,0
1109,847,131,18,6,70,5954.459,191.966,2023-07-23,11,4.381,14,582,93,25,1,145.0,34,0.83,6.0,0
1110,847,131,8,6,44,5013.551,227.972,2023-07-30,13,7.004,19,584,94,25,1,145.0,35,0.83,6.0,0
1111,847,131,3,17,72,8700.165,204.094,2023-08-27,39,4.259,14,586,95,25,1,145.0,36,0.83,17.0,0
1112,847,131,4,5,51,4444.171,242.929,2023-09-03,14,5.793,11,588,96,25,1,145.0,37,0.84,5.0,0
1113,847,131,2,16,61,0.0,184.724,2023-09-17,15,4.94,19,590,97,25,1,145.0,38,0.83,16.0,0
1114,847,131,8,7,53,5516.08,214.076,2023-09-24,22,5.807,18,592,98,25,1,145.0,39,0.83,7.0,0
1115,847,131,2,4,57,5293.287,227.45,2023-10-08,78,5.419,16,594,99,25,1,145.0,40,0.83,4.0,0
1116,847,131,5,5,56,5746.361,199.68,2023-10-22,69,3.426,20,596,100,25,1,145.0,41,0.83,5.0,0
1117,847,131,8,6,71,7391.834,187.175,2023-10-29,32,4.304,17,598,101,25,1,145.0,42,0.83,6.0,0
1119,847,131,3,8,50,5371.38,232.365,2023-11-19,80,4.6471285714285715,14,602,103,25,1,145.0,44,0.83,8.0,0
1120,847,131,4,3,58,5242.952,215.582,2023-11-26,24,5.281,16,604,104,25,1,145.0,45,0.83,3.0,3
1121,847,131,3,5,57,5551.53,204.946,2024-03-02,3,5.412,15,606,105,26,1,145.0,46,0.83,5.0,0
1122,847,131,7,6,50,4883.209,240.926,2024-03-09,77,6.174,27,608,106,26,1,145.0,47,0.83,6.0,0
1123,847,131,7,17,56,0.0,236.669,2024-03-24,1,5.278,14,610,107,26,1,145.0,48,0.83,17.0,0
1124,847,131,9,7,53,6909.517,221.444,2024-04-07,22,5.807,18,612,108,26,1,145.0,49,0.83,7.0,0
1125,847,131,8,6,56,6091.278,196.016,2024-04-21,17,5.451,16,614,109,26,1,145.0,50,0.83,6.0,0
1126,847,131,7,8,57,5484.665,211.955,2024-05-05,79,3.363,19,616,110,26,1,145.0,51,0.83,8.0,0
1127,847,131,6,7,63,5172.406,224.871,2024-05-19,21,4.909,19,618,111,26,1,145.0,52,0.83,7.0,0
1128,847,131,5,5,78,8608.863,0.0,2024-05-26,6,3.337,19,620,112,26,1,145.0,53,0.83,5.0,0
1129,847,131,1,3,70,6352.244,209.621,2024-06-09,7,4.361,14,622,113,26,1,145.0,54,0.83,3.0,3
1130,847,131,4,4,66,5322.547,214.142,2024-06-23,4,4.657,14,624,114,26,1,145.0,55,0.83,4.0,0
1131,847,131,3,1,71,5062.798,224.752,2024-06-30,70,4.318,10,626,115,26,2,145.0,56,0.84,1.0,1
1074,848,3,14,13,57,5907.516,200.125,2022-03-20,3,5.412,15,1543,39,26,0,114.0,1,0.51,13.0,0
1075,848,3,16,14,47,0.0,235.528,2022-03-27,77,6.174,27,1545,40,26,0,114.0,2,0.51,14.0,0
1076,848,3,20,10,58,5345.93,230.064,2022-04-10,1,5.278,14,1547,41,26,0,114.0,3,0.51,10.0,0
1077,848,3,18,11,62,0.0,216.157,2022-04-24,21,4.909,19,1549,42,26,0,114.0,4,0.51,11.0,0
1078,848,3,18,9,57,5696.623,208.494,2022-05-08,79,3.363,19,1551,43,26,0,114.0,5,0.51,9.0,0
1079,848,3,18,18,64,0.0,190.641,2022-05-22,4,4.657,14,1553,44,26,0,114.0,6,0.51,18.0,0
1081,848,3,17,12,50,0.0,200.163,2022-06-12,73,6.003,20,1557,46,26,0,114.0,8,0.51,12.0,0
1082,848,3,12,13,70,5826.65,201.403,2022-06-19,7,4.361,14,1559,47,26,0,114.0,9,0.51,13.0,0
1084,848,3,15,12,70,0.0,223.123,2022-07-10,70,4.318,10,1563,49,26,0,114.0,11,0.51,12.0,0
1085,848,3,13,13,53,5470.677,212.01,2022-07-24,34,5.842,15,1565,50,26,0,114.0,12,0.51,13.0,0
1086,848,3,17,17,69,0.0,189.911,2022-07-31,11,4.381,14,1567,51,26,0,114.0,13,0.51,17.0,0
1087,848,3,6,10,44,5254.794,223.027,2022-08-28,13,7.004,19,1569,52,26,0,114.0,14,0.51,10.0,0
1088,848,3,15,12,72,5833.163,202.986,2022-09-04,39,4.259,14,1571,53,26,0,114.0,15,0.51,12.0,0
1093,848,3,8,13,56,6211.744,195.2,2022-10-23,69,3.426,20,1579,56,26,0,114.0,18,0.51,13.0,0
1094,848,3,17,12,70,0.0,186.873,2022-10-30,32,4.304,17,1581,57,26,0,114.0,19,0.51,12.0,0
1095,848,3,19,15,71,5950.06,205.155,2022-11-13,18,4.309,15,1583,58,26,0,114.0,20,0.51,15.0,0
1096,848,3,19,13,57,0.0,211.383,2022-11-20,24,5.281,16,1585,59,26,0,114.0,21,0.51,13.0,0
1098,848,3,15,10,57,5726.51,200.559,2023-03-05,3,5.412,15,1587,60,26,0,114.0,22,0.51,10.0,0
1101,848,3,12,12,51,5651.059,204.019,2023-04-30,73,6.003,20,1593,63,27,0,114.0,25,0.51,12.0,0
1102,848,3,11,14,57,5331.102,212.115,2023-05-07,79,3.363,19,1595,64,27,0,114.0,26,0.51,14.0,0
1104,848,3,13,14,77,0.0,156.683,2023-05-28,6,3.337,19,1597,65,27,0,114.0,27,0.51,14.0,0
1105,848,3,18,16,65,0.0,211.861,2023-06-04,4,4.657,14,1599,66,27,0,114.0,28,0.51,16.0,0
1106,848,3,9,7,70,5699.161,204.11,2023-06-18,7,4.361,14,1601,67,27,0,114.0,29,0.51,7.0,0
1107,848,3,10,11,71,5213.374,223.473,2023-07-02,70,4.318,10,1603,68,27,0,114.0,30,0.51,11.0,0
1108,848,3,8,8,52,5134.816,232.353,2023-07-09,9,5.891,18,1605,69,27,0,114.0,31,0.51,8.0,0
1109,848,3,16,11,69,0.0,187.643,2023-07-23,11,4.381,14,1607,70,27,0,114.0,32,0.51,11.0,0
1110,848,3,15,14,44,5046.634,229.553,2023-07-30,13,7.004,19,1609,71,27,0,114.0,33,0.51,14.0,0
1111,848,3,4,8,72,8659.566,205.892,2023-08-27,39,4.259,14,1611,72,27,0,114.0,34,0.51,8.0,0
1112,848,3,6,7,51,4466.249,241.405,2023-09-03,14,5.793,11,1613,73,27,0,114.0,35,0.51,7.0,0
1113,848,3,14,11,62,6470.835,182.696,2023-09-17,15,4.94,19,1615,74,27,0,114.0,36,0.51,11.0,0
1115,848,3,13,13,57,5350.182,225.098,2023-10-08,78,5.419,16,1619,76,27,0,114.0,38,0.51,13.0,0
1116,848,3,15,9,56,5808.076,195.783,2023-10-22,69,3.426,20,1621,77,27,0,114.0,39,0.51,9.0,0
1117,848,3,14,9,71,7399.387,187.191,2023-10-29,32,4.304,17,1623,78,27,0,114.0,40,0.51,9.0,0
1119,848,3,5,12,50,5391.687,229.296,2023-11-19,80,4.6471285714285715,14,1627,80,27,0,114.0,42,0.51,12.0,0
1120,848,3,14,14,58,5295.808,216.422,2023-11-26,24,5.281,16,1629,81,27,0,114.0,43,0.51,14.0,0
1121,848,3,13,15,56,0.0,203.537,2024-03-02,3,5.412,15,1631,82,27,0,114.0,44,0.51,15.0,0
1122,848,3,12,11,50,4931.627,240.787,2024-03-09,77,6.174,27,1633,83,27,0,114.0,45,0.51,11.0,0
1123,848,3,12,11,57,0.0,232.801,2024-03-24,1,5.278,14,1634,84,28,0,114.0,46,0.51,11.0,0
1125,848,3,14,12,56,6118.06,194.697,2024-04-21,17,5.451,16,1638,86,28,0,114.0,48,0.51,12.0,0
1126,848,3,14,18,57,5525.967,214.456,2024-05-05,79,3.363,19,1640,87,28,0,114.0,49,0.51,18.0,0
1128,848,3,9,9,77,0.0,0.0,2024-05-26,6,3.337,19,1644,89,28,0,114.0,51,0.51,9.0,0
1130,848,3,0,18,65,0.0,211.863,2024-06-23,4,4.657,14,1648,91,28,0,114.0,53,0.51,18.0,0
1131,848,3,16,15,70,0.0,220.919,2024-06-30,70,4.318,10,1650,92,28,0,114.0,54,0.51,15.0,0
1132,848,3,9,9,52,5015.446,236.38,2024-07-07,9,5.891,18,1652,93,28,0,114.0,55,0.51,9.0,0
1074,849,3,20,16,57,5915.379,198.3,2022-03-20,3,5.412,15,1543,40,26,0,114.0,40,0.51,16.0,0
1076,849,3,18,16,57,0.0,226.518,2022-04-10,1,5.278,14,1547,42,26,0,114.0,42,0.51,16.0,0
1077,849,3,19,16,62,0.0,217.271,2022-04-24,21,4.909,19,1549,43,26,0,114.0,43,0.51,16.0,0
1078,849,3,19,14,57,5714.194,206.896,2022-05-08,79,3.363,19,1551,44,26,0,114.0,44,0.51,14.0,0
1079,849,3,19,16,64,0.0,192.902,2022-05-22,4,4.657,14,1553,45,26,0,114.0,45,0.51,16.0,0
1080,849,3,19,15,63,0.0,152.88,2022-05-29,6,3.337,19,1555,46,26,0,114.0,46,0.51,15.0,0
1081,849,3,18,15,50,0.0,197.209,2022-06-12,73,6.003,20,1557,47,26,0,114.0,47,0.51,15.0,0
1082,849,3,18,16,70,5841.735,199.893,2022-06-19,7,4.361,14,1559,48,26,0,114.0,48,0.51,16.0,0
1083,849,3,10,12,52,8302.822,227.339,2022-07-03,9,5.891,18,1561,49,27,0,114.0,49,0.51,12.0,0
1086,849,3,19,18,69,0.0,191.221,2022-07-31,11,4.381,14,1567,52,27,0,114.0,52,0.51,18.0,0
1087,849,3,11,18,43,0.0,224.615,2022-08-28,13,7.004,19,1569,53,27,0,114.0,53,0.51,18.0,0
1088,849,3,20,18,71,0.0,201.567,2022-09-04,39,4.259,14,1571,54,27,0,114.0,54,0.51,18.0,0
1089,849,3,10,15,52,0.0,240.268,2022-09-11,14,5.793,11,1573,55,27,0,114.0,55,0.51,15.0,0
1092,849,3,20,9,28,10974.147,192.904,2022-10-09,22,5.807,18,1577,57,27,0,114.0,57,0.51,9.0,0
1093,849,3,17,17,56,6235.275,191.784,2022-10-23,69,3.426,20,1579,58,27,0,114.0,58,0.51,17.0,0
1094,849,3,18,18,69,0.0,185.098,2022-10-30,32,4.304,17,1581,59,27,0,114.0,59,0.51,18.0,0
1095,849,3,18,16,71,5951.082,205.934,2022-11-13,18,4.309,15,1583,60,27,0,114.0,60,0.51,16.0,0
1096,849,3,20,19,55,0.0,210.517,2022-11-20,24,5.281,16,1585,61,27,0,114.0,61,0.51,19.0,0
1074,852,213,16,8,57,5873.97,200.642,2022-03-20,3,5.412,15,80,23,21,0,0.0,23,0.5,8.0,0
1076,852,213,13,15,57,0.0,227.985,2022-04-10,1,5.278,14,84,25,21,0,0.0,25,0.5,15.0,0
1077,852,213,12,7,63,5589.096,219.412,2022-04-24,21,4.909,19,86,26,21,0,0.0,26,0.5,7.0,0
1078,852,213,9,12,57,5704.404,209.417,2022-05-08,79,3.363,19,88,27,22,0,0.0,27,0.5,12.0,0
1079,852,213,13,10,65,0.0,193.831,2022-05-22,4,4.657,14,90,28,22,0,0.0,28,0.49,10.0,0
1080,852,213,11,17,63,0.0,159.465,2022-05-29,6,3.337,19,92,29,22,0,0.0,29,0.49,17.0,0
1081,852,213,8,13,50,0.0,200.987,2022-06-12,73,6.003,20,94,30,22,0,0.0,30,0.49,13.0,0
1083,852,213,13,14,52,8311.221,226.016,2022-07-03,9,5.891,18,98,32,22,0,0.0,32,0.49,14.0,0
1084,852,213,16,16,70,0.0,221.995,2022-07-10,70,4.318,10,100,33,22,0,0.0,33,0.48,16.0,0
1086,852,213,16,19,68,0.0,188.795,2022-07-31,11,4.381,14,104,35,22,0,0.0,35,0.48,19.0,0
1087,852,213,0,13,44,5258.111,224.255,2022-08-28,13,7.004,19,106,36,22,0,0.0,36,0.49,13.0,0
1089,852,213,20,14,52,0.0,240.105,2022-09-11,14,5.793,11,110,38,22,0,0.0,38,0.49,14.0,0
1092,852,213,13,13,28,10979.603,197.418,2022-10-09,22,5.807,18,114,40,22,0,0.0,40,0.5,13.0,0
1093,852,213,19,10,56,6202.606,196.031,2022-10-23,69,3.426,20,116,41,22,0,0.0,41,0.51,10.0,0
1095,852,213,0,17,70,0.0,205.44,2022-11-13,18,4.309,15,120,43,22,0,0.0,43,0.5,17.0,0
1096,852,213,11,11,58,5355.285,212.446,2022-11-20,24,5.281,16,122,44,22,0,0.0,44,0.5,11.0,0
1098,852,213,14,11,57,5727.606,201.612,2023-03-05,3,5.412,15,124,45,22,0,0.0,45,0.5,11.0,0
1099,852,213,16,11,50,4942.388,236.624,2023-03-19,77,6.174,27,126,46,22,0,0.0,46,0.51,11.0,0
1100,852,213,12,10,58,9164.423,232.314,2023-04-02,1,5.278,14,128,47,22,0,0.0,47,0.51,10.0,0
1101,852,213,8,10,51,5646.298,204.401,2023-04-30,73,6.003,20,130,48,22,0,0.0,48,0.51,10.0,0
1102,852,213,17,11,57,5322.55,214.011,2023-05-07,79,3.363,19,132,49,23,0,0.0,49,0.52,11.0,0
1104,852,213,9,15,76,0.0,154.649,2023-05-28,6,3.337,19,134,50,23,0,0.0,50,0.51,15.0,0
1105,852,213,15,12,66,5353.356,212.475,2023-06-04,4,4.657,14,136,51,23,0,0.0,51,0.51,12.0,0
1106,852,213,19,14,70,5711.771,204.779,2023-06-18,7,4.361,14,138,52,23,0,0.0,52,0.51,14.0,0
1107,852,213,16,19,70,0.0,223.28,2023-07-02,70,4.318,10,140,53,23,0,0.0,53,0.51,19.0,0
1108,852,213,16,16,52,5148.163,230.307,2023-07-09,9,5.891,18,142,54,23,0,0.0,54,0.51,16.0,0
1109,852,213,17,15,69,0.0,189.405,2023-07-23,11,4.381,14,144,55,23,0,0.0,55,0.51,15.0,0
1110,852,213,11,10,44,5030.671,226.353,2023-07-30,13,7.004,19,146,56,23,0,0.0,56,0.51,10.0,0
1111,852,213,17,15,72,8682.344,201.072,2023-08-27,39,4.259,14,148,57,23,0,0.0,57,0.52,15.0,0
1114,852,213,9,12,52,0.0,213.824,2023-09-24,22,5.807,18,154,60,23,0,0.0,60,0.51,12.0,0
1115,852,213,11,15,56,0.0,223.786,2023-10-08,78,5.419,16,156,61,23,0,0.0,61,0.51,15.0,0
1116,852,213,11,8,56,5795.747,202.231,2023-10-22,69,3.426,20,158,62,23,0,0.0,62,0.51,8.0,0
1117,852,213,18,12,71,7429.796,187.808,2023-10-29,32,4.304,17,160,63,23,0,0.0,63,0.51,12.0,0
1118,852,213,16,9,71,7078.774,208.974,2023-11-05,18,4.309,15,162,64,23,0,0.0,64,0.51,9.0,0
1119,852,213,20,18,46,0.0,228.755,2023-11-19,80,4.6471285714285715,14,164,65,23,0,0.0,65,0.51,18.0,0
1120,852,213,6,8,58,5265.712,213.0,2023-11-26,24,5.281,16,166,66,23,0,0.0,66,0.52,8.0,0
1121,852,215,11,14,56,0.0,203.303,2024-03-02,3,5.412,15,2,67,23,0,0.0,1,0.0,14.0,0
1122,852,215,9,15,49,0.0,238.926,2024-03-09,77,6.174,27,4,68,23,0,0.0,2,0.0,15.0,0
1123,852,215,8,7,58,4922.444,234.19,2024-03-24,1,5.278,14,6,69,23,0,0.0,3,0.17,7.0,0
1124,852,215,10,10,52,0.0,216.989,2024-04-07,22,5.807,18,8,70,23,0,0.0,4,0.12,10.0,0
1126,852,215,10,7,57,5476.061,212.508,2024-05-05,79,3.363,19,12,72,24,0,0.0,6,0.25,7.0,0
1127,852,215,7,10,62,0.0,218.35,2024-05-19,21,4.909,19,14,73,24,0,0.0,7,0.21,10.0,0
1128,852,215,8,8,77,0.0,0.0,2024-05-26,6,3.337,19,16,74,24,0,0.0,8,0.25,8.0,0
1129,852,215,8,14,70,6400.621,203.075,2024-06-09,7,4.361,14,18,75,24,0,0.0,9,0.33,14.0,0
1130,852,215,17,19,65,0.0,211.023,2024-06-23,4,4.657,14,20,76,24,0,0.0,10,0.3,19.0,0
1131,852,215,14,14,70,0.0,221.064,2024-06-30,70,4.318,10,22,77,24,0,0.0,11,0.32,14.0,0
1132,852,215,13,10,52,5026.362,235.041,2024-07-07,9,5.891,18,24,78,24,0,0.0,12,0.33,10.0,0
1074,854,210,12,11,57,5886.158,200.948,2022-03-20,3,5.412,15,246,23,23,0,0.0,23,0.39,11.0,0
1076,854,210,15,13,57,0.0,228.908,2022-04-10,1,5.278,14,250,25,23,0,0.0,25,0.39,13.0,0
1077,854,210,10,17,62,0.0,223.704,2022-04-24,21,4.909,19,252,26,23,0,0.0,26,0.39,17.0,0
1078,854,210,15,15,57,5737.563,210.565,2022-05-08,79,3.363,19,254,27,23,0,0.0,27,0.39,15.0,0
1079,854,210,10,14,65,0.0,192.459,2022-05-22,4,4.657,14,256,28,23,0,0.0,28,0.39,14.0,0
1081,854,210,20,14,50,0.0,199.343,2022-06-12,73,6.003,20,260,30,23,0,0.0,30,0.39,14.0,0
1083,854,210,19,8,52,8289.306,230.244,2022-07-03,9,5.891,18,264,32,23,0,0.0,32,0.39,8.0,0
1084,854,210,9,6,70,0.0,223.264,2022-07-10,70,4.318,10,266,33,23,0,0.0,33,0.39,6.0,0
1085,854,210,17,15,53,5482.506,212.29,2022-07-24,34,5.842,15,268,34,23,0,0.0,34,0.39,15.0,0
1086,854,210,15,14,69,0.0,189.674,2022-07-31,11,4.381,14,270,35,23,0,0.0,35,0.39,14.0,0
1087,854,210,19,17,43,0.0,223.837,2022-08-28,13,7.004,19,272,36,23,0,0.0,36,0.39,17.0,0
1088,854,210,8,13,72,5835.768,203.798,2022-09-04,39,4.259,14,274,37,23,0,0.0,37,0.39,13.0,0
1089,854,210,17,12,53,4836.06,244.493,2022-09-11,14,5.793,11,276,38,23,0,0.0,38,0.39,12.0,0
1091,854,210,12,13,58,0.0,165.262,2022-10-02,15,4.94,19,278,39,23,0,0.0,39,0.39,13.0,0
1092,854,210,15,17,28,10996.527,198.366,2022-10-09,22,5.807,18,280,40,23,0,0.0,40,0.4,17.0,0
1093,854,210,16,15,56,6216.177,194.951,2022-10-23,69,3.426,20,282,41,23,0,0.0,41,0.4,15.0,0
1094,854,210,15,16,70,0.0,185.248,2022-10-30,32,4.304,17,284,42,23,0,0.0,42,0.4,16.0,0
1095,854,210,12,13,71,5943.943,206.142,2022-11-13,18,4.309,15,286,43,23,0,0.0,43,0.4,13.0,0
1096,854,210,12,16,57,0.0,211.632,2022-11-20,24,5.281,16,288,44,23,0,0.0,44,0.4,16.0,0
1074,855,51,15,10,57,5876.648,201.512,2022-03-20,3,5.412,15,365,1,22,0,0.0,1,0.3,10.0,0
1075,855,51,12,11,50,5141.508,236.642,2022-03-27,77,6.174,27,367,2,22,0,0.0,2,0.3,11.0,0
1076,855,51,14,11,58,5348.243,230.198,2022-04-10,1,5.278,14,369,3,22,0,0.0,3,0.3,11.0,0
1077,855,51,0,15,62,0.0,217.41,2022-04-24,21,4.909,19,371,4,22,0,0.0,4,0.3,15.0,0
1080,855,51,20,16,63,0.0,153.621,2022-05-29,6,3.337,19,377,7,23,0,0.0,7,0.31,16.0,0
1082,855,51,10,8,70,5808.709,204.084,2022-06-19,7,4.361,14,381,9,23,0,0.0,9,0.31,8.0,0
1084,855,51,13,14,70,0.0,224.053,2022-07-10,70,4.318,10,385,11,23,0,0.0,11,0.3,14.0,0
1085,855,51,16,16,47,0.0,211.649,2022-07-24,34,5.842,15,387,12,23,0,0.0,12,0.31,16.0,0
1086,855,51,12,13,69,0.0,192.268,2022-07-31,11,4.381,14,389,13,23,0,0.0,13,0.31,13.0,0
1087,855,51,18,14,44,5259.146,224.493,2022-08-28,13,7.004,19,391,14,23,0,0.0,14,0.31,14.0,0
1088,855,51,14,16,72,5840.093,201.901,2022-09-04,39,4.259,14,393,15,23,0,0.0,15,0.31,16.0,0
1089,855,51,9,10,53,4835.421,241.484,2022-09-11,14,5.793,11,395,16,23,0,0.0,16,0.31,10.0,0
1092,855,51,14,16,28,10991.047,200.22,2022-10-09,22,5.807,18,399,18,23,0,0.0,18,0.31,16.0,0
1093,855,51,18,12,56,6207.851,193.682,2022-10-23,69,3.426,20,401,19,23,0,0.0,19,0.31,12.0,0
1094,855,51,12,13,70,0.0,188.358,2022-10-30,32,4.304,17,403,20,23,0,0.0,20,0.31,13.0,0
1095,855,51,13,12,71,5943.369,204.643,2022-11-13,18,4.309,15,405,21,23,0,0.0,21,0.32,12.0,0
1096,855,51,15,12,57,0.0,212.183,2022-11-20,24,5.281,16,407,22,23,0,0.0,22,0.31,12.0,0
1098,855,51,13,16,56,0.0,207.276,2023-03-05,3,5.412,15,409,23,23,0,0.0,23,0.32,16.0,0
1099,855,51,11,13,50,4950.954,236.718,2023-03-19,77,6.174,27,411,24,23,0,0.0,24,0.32,13.0,0
1100,855,51,17,9,58,9164.084,232.229,2023-04-02,1,5.278,14,413,25,23,0,0.0,25,0.32,9.0,0
1102,855,51,14,16,57,5336.681,212.383,2023-05-07,79,3.363,19,417,27,23,0,0.0,27,0.32,16.0,0
1104,855,51,19,13,77,0.0,156.165,2023-05-28,6,3.337,19,419,28,24,0,0.0,28,0.32,13.0,0
1105,855,51,13,9,66,5349.818,212.883,2023-06-04,4,4.657,14,421,29,24,0,0.0,29,0.32,9.0,0
1106,855,51,20,16,69,0.0,203.652,2023-06-18,7,4.361,14,423,30,24,0,0.0,30,0.32,16.0,0
1107,855,51,17,12,70,0.0,222.749,2023-07-02,70,4.318,10,425,31,24,0,0.0,31,0.32,12.0,0
1108,855,51,17,15,52,5146.758,231.097,2023-07-09,9,5.891,18,427,32,24,0,0.0,32,0.32,15.0,0
1109,855,51,5,16,69,0.0,188.333,2023-07-23,11,4.381,14,429,33,24,0,0.0,33,0.32,16.0,0
1110,855,51,17,13,44,5045.891,228.83,2023-07-30,13,7.004,19,431,34,24,0,0.0,34,0.32,13.0,0
1112,855,51,16,14,51,4501.307,242.545,2023-09-03,14,5.793,11,435,36,24,0,0.0,36,0.33,14.0,0
1113,855,51,0,12,62,6481.067,179.064,2023-09-17,15,4.94,19,437,37,24,0,0.0,37,0.33,12.0,0
1114,855,51,19,13,52,0.0,213.774,2023-09-24,22,5.807,18,439,38,24,0,0.0,38,0.33,13.0,0
1115,855,51,19,9,57,5335.295,225.993,2023-10-08,78,5.419,16,441,39,24,0,0.0,39,0.33,9.0,0
1116,855,51,12,13,55,0.0,194.807,2023-10-22,69,3.426,20,443,40,24,0,0.0,40,0.33,13.0,0
1117,855,51,10,14,71,7432.49,185.412,2023-10-29,32,4.304,17,445,41,24,0,0.0,41,0.33,14.0,0
1119,855,51,17,15,50,5398.451,229.253,2023-11-19,80,4.6471285714285715,14,449,43,24,0,0.0,43,0.34,15.0,0
1120,855,51,19,17,58,5312.046,214.224,2023-11-26,24,5.281,16,451,44,24,0,0.0,44,0.34,17.0,0
1121,855,15,17,11,56,0.0,204.102,2024-03-02,3,5.412,15,791,45,24,0,0.0,1,0.31,11.0,0
1122,855,15,20,18,49,0.0,241.046,2024-03-09,77,6.174,27,793,46,24,0,0.0,2,0.31,18.0,0
1123,855,15,19,15,57,0.0,233.634,2024-03-24,1,5.278,14,795,47,24,0,0.0,3,0.31,15.0,0
1125,855,15,16,14,56,6124.243,198.955,2024-04-21,17,5.451,16,799,49,24,0,0.0,5,0.31,14.0,0
1126,855,15,19,14,57,5499.855,211.794,2024-05-05,79,3.363,19,801,50,24,0,0.0,6,0.31,14.0,0
1127,855,15,17,15,62,0.0,218.134,2024-05-19,21,4.909,19,803,51,24,0,0.0,7,0.31,15.0,0
1128,855,15,18,16,76,0.0,0.0,2024-05-26,6,3.337,19,805,52,25,0,0.0,8,0.31,16.0,0
1129,855,15,0,15,69,0.0,203.033,2024-06-09,7,4.361,14,807,53,25,0,0.0,9,0.31,15.0,0
1130,855,15,15,13,65,0.0,212.834,2024-06-23,4,4.657,14,809,54,25,0,0.0,10,0.31,13.0,0
1131,855,15,20,17,70,0.0,220.587,2024-06-30,70,4.318,10,811,55,25,0,0.0,11,0.31,17.0,0
1132,855,15,14,18,50,0.0,233.014,2024-07-07,9,5.891,18,813,56,25,0,0.0,12,0.31,18.0,0
1089,856,3,8,9,53,4834.633,240.75,2022-09-11,14,5.793,11,1573,1,27,0,114.0,1,0.51,9.0,0
1098,856,213,19,14,56,0.0,199.4,2023-03-05,3,5.412,15,124,2,28,0,0.0,1,0.5,14.0,0
1099,856,213,18,14,50,4952.372,237.438,2023-03-19,77,6.174,27,126,3,28,0,0.0,2,0.51,14.0,0
1100,856,213,15,15,56,0.0,234.049,2023-04-02,1,5.278,14,128,4,28,0,0.0,3,0.51,15.0,0
1102,856,213,15,18,57,5347.19,212.786,2023-05-07,79,3.363,19,132,6,28,0,0.0,5,0.52,18.0,0
1104,856,213,12,12,77,0.0,154.887,2023-05-28,6,3.337,19,134,7,28,0,0.0,6,0.51,12.0,0
1105,856,213,14,14,65,0.0,213.313,2023-06-04,4,4.657,14,136,8,28,0,0.0,7,0.51,14.0,0
1106,856,213,17,18,69,0.0,204.805,2023-06-18,7,4.361,14,138,9,28,0,0.0,8,0.51,18.0,0
1107,856,213,0,17,70,0.0,222.539,2023-07-02,70,4.318,10,140,10,28,0,0.0,9,0.51,17.0,0
1108,856,213,18,17,52,5150.066,229.636,2023-07-09,9,5.891,18,142,11,28,0,0.0,10,0.51,17.0,0
1099,857,1,8,15,50,4959.915,235.731,2023-03-19,77,6.174,27,1835,2,21,0,165.0,2,0.54,15.0,0
1100,857,1,16,8,58,9163.753,233.611,2023-04-02,1,5.278,14,1837,3,22,0,165.0,3,0.54,8.0,0
1101,857,1,10,11,51,5648.937,204.587,2023-04-30,73,6.003,20,1839,4,22,0,165.0,4,0.54,11.0,0
1102,857,1,19,19,56,0.0,211.76,2023-05-07,79,3.363,19,1841,5,22,0,165.0,5,0.54,19.0,0
1104,857,1,11,10,77,0.0,154.983,2023-05-28,6,3.337,19,1843,6,22,0,165.0,6,0.54,10.0,0
1105,857,1,9,13,65,0.0,213.083,2023-06-04,4,4.657,14,1845,7,22,0,165.0,7,0.54,13.0,0
1106,857,1,8,11,70,5703.449,204.96,2023-06-18,7,4.361,14,1847,8,22,0,165.0,8,0.54,11.0,0
1107,857,1,13,16,70,0.0,222.507,2023-07-02,70,4.318,10,1849,9,22,0,165.0,9,0.54,16.0,0
1108,857,1,3,4,52,5124.714,233.435,2023-07-09,9,5.891,18,1851,10,22,0,165.0,10,0.54,4.0,0
1109,857,1,4,5,70,5951.206,190.625,2023-07-23,11,4.381,14,1853,11,22,0,165.0,11,0.54,5.0,0
1111,857,1,8,9,72,8660.991,206.36,2023-08-27,39,4.259,14,1857,13,22,0,165.0,13,0.54,9.0,0
1112,857,1,7,12,51,4494.217,245.142,2023-09-03,14,5.793,11,1859,14,22,0,165.0,14,0.54,12.0,0
1113,857,1,17,7,62,6438.897,180.562,2023-09-17,15,4.94,19,1861,15,22,0,165.0,15,0.54,7.0,0
1114,857,1,2,3,53,5494.915,217.021,2023-09-24,22,5.807,18,1863,16,22,0,165.0,16,0.54,3.0,3
1115,857,1,6,2,57,5264.001,229.724,2023-10-08,78,5.419,16,1865,17,22,0,165.0,17,0.54,2.0,2
1117,857,1,7,8,71,7393.918,187.22,2023-10-29,32,4.304,17,1869,19,22,0,165.0,19,0.54,8.0,0
1118,857,1,10,14,69,0.0,208.752,2023-11-05,18,4.309,15,1871,20,22,0,165.0,20,0.54,14.0,0
1119,857,1,18,10,50,5377.785,233.779,2023-11-19,80,4.6471285714285715,14,1873,21,22,0,165.0,21,0.54,10.0,0
1120,857,1,3,6,58,5254.111,215.702,2023-11-26,24,5.281,16,1875,22,22,0,165.0,22,0.54,6.0,0
1121,857,1,8,8,57,5560.824,205.123,2024-03-02,3,5.412,15,1877,23,22,0,165.0,23,0.54,8.0,0
1122,857,1,5,4,50,4875.28,240.779,2024-03-09,77,6.174,27,1879,24,22,0,165.0,24,0.54,4.0,0
1123,857,1,5,4,58,4862.613,236.92,2024-03-24,1,5.278,14,1881,25,22,0,165.0,25,0.54,4.0,0
1124,857,1,6,8,53,6911.091,220.514,2024-04-07,22,5.807,18,1883,26,23,0,165.0,26,0.54,8.0,0
1125,857,1,5,8,56,6108.752,196.749,2024-04-21,17,5.451,16,1885,27,23,0,165.0,27,0.54,8.0,0
1126,857,1,6,13,57,5499.632,214.965,2024-05-05,79,3.363,19,1887,28,23,0,165.0,28,0.54,13.0,0
1127,857,1,5,4,63,5139.384,221.162,2024-05-19,21,4.909,19,1889,29,23,0,165.0,29,0.54,4.0,0
1128,857,1,2,2,78,8602.706,0.0,2024-05-26,6,3.337,19,1891,30,23,0,165.0,30,0.55,2.0,2
1129,857,1,4,5,70,6358.126,205.904,2024-06-09,7,4.361,14,1893,31,23,0,165.0,31,0.55,5.0,0
1130,857,1,9,7,66,5333.987,215.286,2024-06-23,4,4.657,14,1895,32,23,0,165.0,32,0.55,7.0,0
1131,857,1,7,2,71,5064.704,226.28,2024-06-30,70,4.318,10,1897,33,23,0,165.0,33,0.55,2.0,2
1132,857,1,5,4,52,4959.488,238.964,2024-07-07,9,5.891,18,1899,34,23,0,165.0,34,0.55,4.0,0
1098,858,3,16,12,56,0.0,202.871,2023-03-05,3,5.412,15,1587,1,22,0,114.0,1,0.51,12.0,0
1099,858,3,20,16,50,4961.187,235.277,2023-03-19,77,6.174,27,1589,2,22,0,114.0,2,0.51,16.0,0
1100,858,3,18,16,56,0.0,233.264,2023-04-02,1,5.278,14,1591,3,22,0,114.0,3,0.51,16.0,0
1101,858,3,14,16,51,5663.379,202.916,2023-04-30,73,6.003,20,1593,4,22,0,114.0,4,0.51,16.0,0
1102,858,3,20,20,56,0.0,210.893,2023-05-07,79,3.363,19,1595,5,22,0,114.0,5,0.51,20.0,0
1104,858,3,16,18,76,0.0,155.406,2023-05-28,6,3.337,19,1597,6,22,0,114.0,6,0.51,18.0,0
1105,858,3,20,20,65,0.0,211.556,2023-06-04,4,4.657,14,1599,7,22,0,114.0,7,0.51,20.0,0
1107,858,3,18,13,70,0.0,223.309,2023-07-02,70,4.318,10,1603,9,22,0,114.0,9,0.51,13.0,0
1108,858,3,14,11,52,5140.57,231.274,2023-07-09,9,5.891,18,1605,10,22,0,114.0,10,0.51,11.0,0
1110,858,3,18,17,44,5054.926,228.213,2023-07-30,13,7.004,19,1609,12,22,0,114.0,12,0.51,17.0,0
1112,858,3,15,13,51,4499.7,240.152,2023-09-03,14,5.793,11,1613,14,22,0,114.0,14,0.51,13.0,0
1113,858,3,18,14,62,6484.307,180.491,2023-09-17,15,4.94,19,1615,15,22,0,114.0,15,0.51,14.0,0
1116,858,3,16,10,56,5809.36,196.041,2023-10-22,69,3.426,20,1621,18,22,0,114.0,18,0.51,10.0,0
1117,858,3,19,16,70,0.0,186.672,2023-10-29,32,4.304,17,1623,19,22,0,114.0,19,0.51,16.0,0
1118,858,3,19,11,70,0.0,204.816,2023-11-05,18,4.309,15,1625,20,22,0,114.0,20,0.51,11.0,0
1119,858,3,6,16,50,5399.171,228.397,2023-11-19,80,4.6471285714285715,14,1627,21,22,0,114.0,21,0.51,16.0,0
1120,858,3,20,16,58,5310.415,214.626,2023-11-26,24,5.281,16,1629,22,22,0,114.0,22,0.51,16.0,0
1121,858,3,18,20,55,0.0,205.659,2024-03-02,3,5.412,15,1631,23,23,0,114.0,23,0.51,20.0,0
1122,858,3,19,14,49,0.0,237.657,2024-03-09,77,6.174,27,1633,24,23,0,114.0,24,0.51,14.0,0
1124,858,3,19,17,52,0.0,220.286,2024-04-07,22,5.807,18,1636,25,23,0,114.0,25,0.51,17.0,0
1125,858,3,20,17,56,6147.664,194.293,2024-04-21,17,5.451,16,1638,26,23,0,114.0,26,0.51,17.0,0
1127,858,3,19,17,62,0.0,217.562,2024-05-19,21,4.909,19,1642,28,23,0,114.0,28,0.51,17.0,0
1128,858,3,15,15,76,0.0,0.0,2024-05-26,6,3.337,19,1644,29,23,0,114.0,29,0.51,15.0,0
1130,858,3,19,20,64,0.0,209.115,2024-06-23,4,4.657,14,1648,31,23,0,114.0,31,0.51,20.0,0
1131,858,3,19,19,69,0.0,220.788,2024-06-30,70,4.318,10,1650,32,23,0,114.0,32,0.51,19.0,0
1132,858,3,12,11,52,5036.019,235.713,2024-07-07,9,5.891,18,1652,33,23,0,114.0,33,0.51,11.0,0
1111,859,213,19,13,72,8670.558,204.923,2023-08-27,39,4.259,14,148,1,21,0,0.0,1,0.52,13.0,0
1112,859,213,12,11,51,4491.781,242.944,2023-09-03,14,5.793,11,150,2,21,0,0.0,2,0.52,11.0,0
1113,859,213,10,9,62,6463.336,179.585,2023-09-17,15,4.94,19,152,3,21,0,0.0,3,0.52,9.0,0
1114,859,213,11,11,52,0.0,212.738,2023-09-24,22,5.807,18,154,4,21,0,0.0,4,0.51,11.0,0
1115,859,213,17,17,56,0.0,223.943,2023-10-08,78,5.419,16,156,5,21,0,0.0,5,0.51,17.0,0
1122,860,6,11,7,50,4885.952,241.103,2024-03-09,77,6.174,27,2395,1,18,0,234.0,1,0.6,7.0,0
